Product Name (If Needed),URL,Plain Greek,Flavored Greek,Non Greek,,,,,,,,,,,,,,,,,,,,,,
,,https://www.amazon.com/Chobani-Plain-Non-Fat-Greek-Yogurt/dp/B005PO5HTU/ref=sr_1_2_a_f_it?ie=UTF8&qid=1535376921&sr=8-2&ppw=fresh&keywords=chobani+plain+greek+yogurt,https://www.amazon.com/Greek-Gods-Traditional-Yogurt-Vanilla/dp/B007MPI6D4/ref=sr_1_4_a_f_it?ie=UTF8&qid=1535385921&sr=8-4&ppw=fresh&keywords=greek+yogurt,https://www.amazon.com/Yoplait-Original-Yogurt-Mixed-Berry/product-reviews/B000R4D9JI/ref=cm_cr_dp_d_show_all_btm?ie=UTF8&reviewerType=all_reviews,,,,,,,,,,,,,,,,,,,,,,
,,https://www.amazon.com/Chobani-Plain-Whole-Greek-Yogurt/dp/B004B3KMTQ/ref=sr_1_2_a_f_it?ie=UTF8&qid=1535377410&sr=8-2&ppw=fresh&keywords=chobani+plain+greek+yogurt,https://www.amazon.com/Chobani-Blueberry-Bottom-Non-Fat-Yogurt/dp/B002GVJZS4/ref=sr_1_10_a_f_it?ie=UTF8&qid=1535385921&sr=8-10&ppw=fresh&keywords=greek+yogurt,https://www.amazon.com/Yoplait-Original-Yogurt-Mountain-Blueberry/dp/B000R47PKC/ref=sr_1_2_a_f_it?ie=UTF8&qid=1535378029&sr=8-2&ppw=fresh&keywords=yoplait,,,,,,,,,,,,,,,,,,,,,,
,,https://www.amazon.com/Chobani-0-Plain-21-2-Count/dp/B01M7YBVKA/ref=sr_1_4_a_f_it?ie=UTF8&qid=1535377410&sr=8-4&ppw=fresh&keywords=chobani+plain+greek+yogurt,https://www.amazon.com/Chobani-Vanilla-Blended-Non-Fat-Yogurt/dp/B00CJ8MJG4/ref=sr_1_15_a_f_it?ie=UTF8&qid=1535385921&sr=8-15&ppw=fresh&keywords=greek+yogurt,https://www.amazon.com/Yoplait-Original-Yogurt-Strawberry-6-0/dp/B000R4B6GQ/ref=sr_1_3_a_f_it?ie=UTF8&qid=1535378029&sr=8-3&ppw=fresh&keywords=yoplait,,,,,,,,,,,,,,,,,,,,,,
,,https://www.amazon.com/Chobani-Plain-Non-Fat-Greek-Yogurt/dp/B008U5OSTQ/ref=sr_1_5_a_f_it?ie=UTF8&qid=1535377410&sr=8-5&ppw=fresh&keywords=chobani+plain+greek+yogurt,https://www.walmart.com/ip/Tillamook-Old-Fashioned-Vanilla-Farmstyle-Greek-Strained-Lowfat-Yogurt-24-oz/42306069,https://www.amazon.com/Yoplait-Original-Yogurt-Cherry-Orchard/dp/B000R4D9FW/ref=sr_1_4_a_f_it?ie=UTF8&qid=1535378029&sr=8-4&ppw=fresh&keywords=yoplait,,,,,,,,,,,,,,,,,,,,,,
,,https://www.amazon.com/Chobani-Nonfat-Greek-Yogurt-Non-Fat/dp/B01JHPB9EO/ref=sr_1_14_a_it?ie=UTF8&qid=1535377410&sr=8-14&keywords=chobani+plain+greek+yogurt,https://www.walmart.com/ip/Yoplait-Greek-100-Protein-Yogurt-Strawberry-Banana-5-3-oz/36742289,https://www.amazon.com/Yoplait-Original-Yogurt-Key-Lime/dp/B000R47PV6/ref=sr_1_5_a_f_it?ie=UTF8&qid=1535378029&sr=8-5&ppw=fresh&keywords=yoplait,,,,,,,,,,,,,,,,,,,,,,
,,https://www.amazon.com/Dannon-Oikos-Nonfat-Yogurt-Single/dp/B00CJ8J2GY/ref=sr_1_3_a_f_it?ie=UTF8&qid=1535378345&sr=8-3&ppw=fresh&keywords=oikos+plain+greek+yogurt,https://www.walmart.com/ip/Oikos-Greek-Peach-Fruit-On-The-Bottom-Nonfat-Yogurt-5-3-oz/17619607,https://www.amazon.com/Yoplait-Original-Yogurt-French-Vanilla/dp/B000R49BMW/ref=sr_1_6_a_f_it?ie=UTF8&qid=1535378029&sr=8-6&ppw=fresh&keywords=yoplait,,,,,,,,,,,,,,,,,,,,,,
,,https://www.amazon.com/Oikos-Organic-Fatfree-Plain-Yogurt/dp/B00CHTWM9O/ref=sr_1_14_a_it?ie=UTF8&qid=1535378345&sr=8-14&keywords=oikos+plain+greek+yogurt,https://www.walmart.com/ip/Great-Value-Greek-Yogurt-Blueberry-21-2-oz-4-Count/42004050,https://www.amazon.com/Yoplait-Original-Yogurt-Harvest-Peach/dp/B000Q6B0O8/ref=sr_1_7_a_f_it?ie=UTF8&qid=1535378029&sr=8-7&ppw=fresh&keywords=yoplait,,,,,,,,,,,,,,,,,,,,,,
,,https://www.amazon.com/dp/B00RASEHZ4/ref=sxbs_sxwds-stvpv2_1_a_it?pf_rd_m=ATVPDKIKX0DER&pf_rd_p=6375e697-f226-4dbd-a63a-5ec697811ee1&pd_rd_wg=HW0Bq&pf_rd_r=A61H7CEQA7MHCTDYCAPS&pf_rd_s=desktop-sx-bottom-slot&pf_rd_t=301&pd_rd_i=B00RASEHZ4&pd_rd_w=yOvPF&pf_rd_i=oikos+greek+yogurt&pd_rd_r=4de2ded0-92d6-4785-9944-be55d2140cb7&ie=UTF8&qid=1535378502&sr=1,https://www.walmart.com/ip/Dannon-Light-Fit-Blueberry-Greek-Nonfat-Yogurt-5-3-oz-4-ct/21961724,https://www.amazon.com/Yoplait-Original-Yogurt-Strawberry-Banana/dp/B000R4D9LQ/ref=sr_1_8_a_f_it?ie=UTF8&qid=1535378029&sr=8-8&ppw=fresh&keywords=yoplait,,,,,,,,,,,,,,,,,,,,,,
,,https://www.amazon.com/dp/B00RASEZT2/ref=sxbs_sxwds-stppvp_2_a_it?pf_rd_m=ATVPDKIKX0DER&pf_rd_p=d45777d6-4c64-4117-8332-1659db52e64f&pd_rd_wg=KLjyE&pf_rd_r=NA5NGTMH3FB1K97KBQ25&pf_rd_s=desktop-sx-bottom-slot&pf_rd_t=301&pd_rd_i=B00RASEZT2&pd_rd_w=MQjBE&pf_rd_i=oikos+greek+yogurt&pd_rd_r=e611a2a5-b9e5-4044-aeb5-5c5e134f2b0f&ie=UTF8&qid=1535378525&sr=2,https://www.walmart.com/ip/Dannon-Light-Fit-Greek-Blended-Nonfat-Yogurt-Vanilla-5-3oz-Single-Serve/27735832,https://www.amazon.com/Yoplait-Original-Strawberry-Harvest-Variety/dp/B01769TQJ8/ref=sr_1_9_a_f_it?ie=UTF8&qid=1535378029&sr=8-9&ppw=fresh&keywords=yoplait,,,,,,,,,,,,,,,,,,,,,,
,,https://www.amazon.com/Greek-Gods-Traditional-Style-Yogurt/dp/B000R49IRK/ref=sr_1_3_a_f_it?ie=UTF8&qid=1535378872&sr=8-3&ppw=fresh&keywords=plain+greek+yogurt,https://www.walmart.com/ip/Chobani-Blackberry-on-the-Bottom-Low-Fat-Greek-Yogurt-5-3oz/27419990,https://www.amazon.com/Yoplait-Original-Yogurt-Orange-Creme/dp/B000R4D9NY/ref=sr_1_10_a_f_it?ie=UTF8&qid=1535378029&sr=8-10&ppw=fresh&keywords=yoplait,,,,,,,,,,,,,,,,,,,,,,
,,https://www.amazon.com/FAGE-TOTAL-Plain-Greek-Yogurt/dp/B000VR81IA/ref=sr_1_2_a_f_it?ie=UTF8&qid=1535378872&sr=8-2&ppw=fresh&keywords=plain+greek+yogurt,https://www.walmart.com/ip/Chobani-Pumpkin-Spice-Blended-Low-Fat-Greek-Yogurt-5-3-oz/38127739,https://www.amazon.com/Yoplait-Original-Yogurt-Red-Raspberry/dp/B000R49B9K/ref=sr_1_11_a_f_it?ie=UTF8&qid=1535378029&sr=8-11&ppw=fresh&keywords=yoplait,,,,,,,,,,,,,,,,,,,,,,
,,https://www.amazon.com/FAGE-TOTAL-Plain-Greek-Yogurt/dp/B00FZHEGGW/ref=sr_1_7_a_f_it?ie=UTF8&qid=1535378872&sr=8-7&ppw=fresh&keywords=plain+greek+yogurt,https://www.walmart.com/ip/Dannon-Light-Fit-Greek-Strawberry-Cheesecake-Nonfat-Yogurt-5-3-oz/32177128,https://www.amazon.com/Yoplait-Original-Yogurt-Lemon-Burst/dp/B000R49BE0/ref=sr_1_12_a_f_it?ie=UTF8&qid=1535378029&sr=8-12&ppw=fresh&keywords=yoplait,,,,,,,,,,,,,,,,,,,,,,
,,https://www.amazon.com/FAGE-TOTAL-Plain-Greek-Yogurt/dp/B000WO9ORE/ref=sr_1_8_a_f_it?ie=UTF8&qid=1535378872&sr=8-8&ppw=fresh&keywords=plain+greek+yogurt,https://www.walmart.com/ip/Great-Value-Light-Peach-Greek-Non-Fat-Yogurt-21-2-oz-4-ct/34788347,https://www.amazon.com/Siggis-Free-Acai-Mixed-Berry/dp/B002M3ZBNO/ref=sr_1_2_a_f_it?ie=UTF8&qid=1535378417&sr=8-2&ppw=fresh&keywords=siggis+yogurt,,,,,,,,,,,,,,,,,,,,,,
,,https://www.amazon.com/Wallaby-Organic-Whole-Greek-Yogurt/dp/B00K1XKUYM/ref=sr_1_9_a_f_it?ie=UTF8&qid=1535378872&sr=8-9&ppw=fresh&keywords=plain+greek+yogurt,https://www.walmart.com/ip/Chobani-Strawberry-Banana-Fruit-on-the-Bottom-Low-Fat-Greek-Yogurt-5-3-oz/21291515,https://www.amazon.com/Siggis-Vanilla-Strained-Non-Fat-Yogurt/dp/B002M3ZBPW/ref=sr_1_3_a_f_it?ie=UTF8&qid=1535378417&sr=8-3&ppw=fresh&keywords=siggis+yogurt,,,,,,,,,,,,,,,,,,,,,,
,,https://www.amazon.com/FAGE-TOTAL-Plain-Greek-Yogurt/dp/B000VRC1NG/ref=sr_1_12_a_f_it?ie=UTF8&qid=1535378872&sr=8-12&ppw=fresh&keywords=plain+greek+yogurt,https://www.walmart.com/ip/Fage-Total-2-Lowfat-Greek-Strained-Yogurt-with-Strawberry-5-3-oz/19857838,https://www.amazon.com/Siggis-Fat-Free-Raspberry-Yogurt/dp/B00DQHCJPI/ref=sr_1_4_a_f_it?ie=UTF8&qid=1535378417&sr=8-4&ppw=fresh&keywords=siggis+yogurt,,,,,,,,,,,,,,,,,,,,,,
,,https://www.amazon.com/FAGE-TOTAL-Plain-Greek-Yogurt/dp/B000VTWD64/ref=sr_1_13_a_f_it?ie=UTF8&qid=1535378872&sr=8-13&ppw=fresh&keywords=plain+greek+yogurt,https://www.walmart.com/ip/Oikos-Triple-Zero-Coffee-Greek-Nonfat-Yogurt-5-3-oz/49329675,https://www.amazon.com/Siggis-Fat-Free-Blueberry-Yogurt-5-3/dp/B002M3ZBHU/ref=sr_1_5_a_f_it?ie=UTF8&qid=1535378417&sr=8-5&ppw=fresh&keywords=siggis+yogurt,,,,,,,,,,,,,,,,,,,,,,
,,https://www.amazon.com/Maple-Hill-Creamery-Organic-Yogurt/dp/B06ZZLN4YL/ref=sr_1_14_a_f_it?ie=UTF8&qid=1535378872&sr=8-14&ppw=fresh&keywords=plain+greek+yogurt,https://www.walmart.com/ip/The-Greek-Gods-Honey-Strawberry-Greek-Style-Yogurt-2-lbs/412317980,https://www.amazon.com/Siggis-Fat-Free-Blueberry-Yogurt-5-3/dp/B002M3ZBHU/ref=sr_1_5_a_f_it?ie=UTF8&qid=1535378417&sr=8-5&ppw=fresh&keywords=siggis+yogurt,,,,,,,,,,,,,,,,,,,,,,
,,https://www.amazon.com/Wallaby-Organic-Greek-Yogurt-Plain/dp/B00DIHM32U/ref=sr_1_16_a_f_it?ie=UTF8&qid=1535378872&sr=8-16&ppw=fresh&keywords=plain+greek+yogurt,https://www.walmart.com/ip/Fage-Total-0-Greek-Strained-Yogurt-With-Cherry-5-3-oz/19857839,https://www.amazon.com/Siggis-Yogurt-2-Coconut-5-3/dp/B00LM1928C/ref=sr_1_7_a_f_it?ie=UTF8&qid=1535378417&sr=8-7&ppw=fresh&keywords=siggis+yogurt,,,,,,,,,,,,,,,,,,,,,,
,,https://www.amazon.com/Stonyfield-Organic-Stonfield-Greek-Plain/dp/B00B03XDPA/ref=sr_1_18_a_f_it?ie=UTF8&qid=1535378872&sr=8-18&ppw=fresh&keywords=plain+greek+yogurt,https://www.walmart.com/ip/Chobani-Black-Cherry-Fruit-on-the-Bottom-Non-Fat-Greek-Yogurt-5-3-oz/21291514,https://www.amazon.com/Siggis-Icelandic-Whole-Yoghurt-Berries/dp/B011YJQBRG/ref=sr_1_8_a_f_it?ie=UTF8&qid=1535378417&sr=8-8&ppw=fresh&keywords=siggis+yogurt,,,,,,,,,,,,,,,,,,,,,,
,,https://www.amazon.com/Wallaby-Organic-Yogurt-Packaging-content/dp/B00K1XKUO2/ref=sr_1_19_a_f_it?ie=UTF8&qid=1535378872&sr=8-19&ppw=fresh&keywords=plain+greek+yogurt,https://www.walmart.com/ip/Chobani-Mixed-Berry-Blended-Low-Fat-Greek-Yogurt-5-3-oz/46161834,https://www.amazon.com/Siggis-Icelandic-Whole-Yoghurt-Vanilla/dp/B011YJQ4B4/ref=sr_1_9_a_f_it?ie=UTF8&qid=1535378417&sr=8-9&ppw=fresh&keywords=siggis+yogurt,,,,,,,,,,,,,,,,,,,,,,
,,https://www.amazon.com/Wallaby-Organic-Greek-Low-Fat-Yogurt/dp/B00LMAX3M4/ref=sr_1_20_a_f_it?ie=UTF8&qid=1535379183&sr=8-20&ppw=fresh&keywords=plain+greek+yogurt,https://www.walmart.com/ip/Great-Value-Strawberry-Nonfat-Greek-Yogurt-6-oz-4-ct/42004052,https://www.amazon.com/Siggis-Icelandic-Whole-Yoghurt-Vanilla/dp/B011YJQ4B4/ref=sr_1_9_a_f_it?ie=UTF8&qid=1535378417&sr=8-9&ppw=fresh&keywords=siggis+yogurt,,,,,,,,,,,,,,,,,,,,,,
,,https://www.amazon.com/Stonyfield-Organic-Greek-Yogurt-Plain/dp/B00CJ8K3MQ/ref=sr_1_21_a_f_it?ie=UTF8&qid=1535379194&sr=8-21&ppw=fresh&keywords=plain+greek+yogurt,https://www.walmart.com/ip/Dannon-Light-Fit-Greek-Cherry-Nonfat-Yogurt-5-3-oz-4-ct/21961725,https://www.amazon.com/Siggis-Icelandic-Yoghurt-Strawberry-Rhubarb/dp/B011YJQBS0/ref=sr_1_11_a_f_it?ie=UTF8&qid=1535378417&sr=8-11&ppw=fresh&keywords=siggis+yogurt,,,,,,,,,,,,,,,,,,,,,,
,,https://www.amazon.com/Wallaby-Organic-Greek-Low-Fat-Yogurt/dp/B00LMAX7IE/ref=sr_1_23_a_f_it?ie=UTF8&qid=1535379194&sr=8-23&ppw=fresh&keywords=plain+greek+yogurt,https://www.walmart.com/ip/Fage-Total-0-Nonfat-Greek-Strained-Yogurt-with-Raspberry-5-3-oz/21553675,https://www.amazon.com/Siggis-Non-Fat-Icelandic-Style-Yogurt/dp/B00LMC4XVW/ref=sr_1_12_a_f_it?ie=UTF8&qid=1535378417&sr=8-12&ppw=fresh&keywords=siggis+yogurt,,,,,,,,,,,,,,,,,,,,,,
,,https://www.amazon.com/Maple-Hill-Creamery-Organic-Yogurt/dp/B071YBYNYK/ref=sr_1_24_a_f_it?ie=UTF8&qid=1535379194&sr=8-24&ppw=fresh&keywords=plain+greek+yogurt,https://www.walmart.com/ip/The-Greek-Gods-Greek-Style-Yogurt-Black-Cherry-2-lbs/50280103,https://www.amazon.com/Siggis-Fat-Free-Plain-5-3/dp/B002M3ZBEI/ref=sr_1_13_a_f_it?ie=UTF8&qid=1535378417&sr=8-13&ppw=fresh&keywords=siggis+yogurt,,,,,,,,,,,,,,,,,,,,,,
,,https://www.amazon.com/365-Everyday-Value-Organic-Yogurt/dp/B074H7KKRV/ref=sr_1_25_a_f_it?ie=UTF8&qid=1535379194&sr=8-25&ppw=fresh&keywords=plain+greek+yogurt,https://www.walmart.com/ip/Dannon-Light-Fit-Toasted-Coconut-Vanilla-Greek-Nonfat-Yogurt-5-3-oz-4-ct/47737965,https://www.amazon.com/Siggis-Icelandic-Strained-Non-Fat-Strawberry/dp/B00CIJLXZ2/ref=sr_1_16_a_f_it?ie=UTF8&qid=1535378417&sr=8-16&ppw=fresh&keywords=siggis+yogurt,,,,,,,,,,,,,,,,,,,,,,
,,https://www.amazon.com/FAGE-YOGURT-GREEK-TOTAL-PLAIN/dp/B01INGW7KS/ref=sr_1_87_a_it?ie=UTF8&qid=1535379352&sr=8-87&keywords=plain+greek+yogurt,https://www.walmart.com/ip/Chobani-Flip-Coffee-Brownie-Bliss-Low-Fat-Greek-Yogurt-5-3-oz/46083071,https://www.amazon.com/365-Everyday-Value-Organic-Yogurt/dp/B074H7KKRV/ref=sr_1_9_a_f_it?ie=UTF8&qid=1535378821&sr=8-9&ppw=fresh&keywords=yogurt,,,,,,,,,,,,,,,,,,,,,,
,,https://www.walmart.com/ip/Chobani-Plain-Non-Fat-Greek-Yogurt-5-3-oz/21291501,https://www.walmart.com/ip/Chobani-Flip-Nutty-for-Nana-Low-Fat-Greek-Yogurt-5-3-oz/32285011,https://www.amazon.com/365-Everyday-Value-Organic-Vanilla/dp/B074H5Y3TM/ref=sr_1_10_a_f_it?ie=UTF8&qid=1535378837&sr=8-10&ppw=fresh&keywords=yogurt,,,,,,,,,,,,,,,,,,,,,,
,,https://www.walmart.com/ip/Chobani-Plain-Non-Fat-Greek-Yogurt-32-oz-Tub/21291511,https://www.walmart.com/ip/Chobani-Coconut-Blended-Low-Fat-Greek-Yogurt-5-3-oz/34144962,https://www.amazon.com/Stonyfield-Organic-YoKids-Blueberry-Strawberry/dp/B00108HZAO/ref=sr_1_14_a_f_it?ie=UTF8&qid=1535378837&sr=8-14&ppw=fresh&keywords=yogurt,,,,,,,,,,,,,,,,,,,,,,
,,https://www.walmart.com/ip/Fage-Total-2-All-Natural-Greek-Strained-Yogurt-35-3-oz/23591400,https://www.walmart.com/ip/Dannon-Light-Fit-Greek-Raspberry-Yogurt-5-3-oz-4-count/23591124,https://www.amazon.com/Stonyfield-Organic-YoKids-Strawberry-Squeezers/dp/B000QJGLHG/ref=sr_1_19_a_f_it?ie=UTF8&qid=1535378872&sr=8-19&ppw=fresh&keywords=yogurt,,,,,,,,,,,,,,,,,,,,,,
,,https://www.walmart.com/ip/Fage-Total-0-Nonfat-Greek-Strained-Yogurt-6-oz/19857829,https://www.walmart.com/ip/Chobani-Strawberry-on-the-Bottom-Non-Fat-Greek-Yogurt-5-3oz/21291504,https://www.amazon.com/Danimals-Smoothies-Watermelon-Strawberry-Explosion/dp/B00J9QS76K/ref=sr_1_40_a_f_it?ie=UTF8&qid=1535378891&sr=8-40&ppw=fresh&keywords=yogurt,,,,,,,,,,,,,,,,,,,,,,
,,https://www.walmart.com/ip/Fage-Total-0-All-Natural-Nonfat-Greek-Strained-Yogurt-35-3-oz/19857845,https://www.walmart.com/ip/Dannon-Light-Fit-Strawberry-Greek-Nonfat-Yogurt-5-3-oz-4-count/21961722,https://www.amazon.com/Stonyfield-Organic-French-Vanilla-Yogurt/dp/B00108CSPQ/ref=sr_1_43_a_f_it?ie=UTF8&qid=1535378891&sr=8-43&ppw=fresh&keywords=yogurt,,,,,,,,,,,,,,,,,,,,,,
,,https://www.walmart.com/ip/Fage-Total-Greek-Strained-Yogurt-35-3-oz/104030552,https://www.walmart.com/ip/Chobani-Key-Lime-Blended-Low-Fat-Greek-Yogurt-5-3-oz/34444473,https://www.amazon.com/Stonyfield-Organic-Yokids-Straw-Strawberry/dp/B00FTCBXDC/ref=sr_1_44_a_f_it?ie=UTF8&qid=1535378891&sr=8-44&ppw=fresh&keywords=yogurt,,,,,,,,,,,,,,,,,,,,,,
,,https://www.walmart.com/ip/Fage-Total-2-Lowfat-Greek-Strained-Yogurt-7-oz/19857832,https://www.walmart.com/ip/Chobani-Greek-Yogurt-Raspberry-Fruit-on-the-Bottom-Non-Fat-Yogurt-5-3-oz/21291510,https://www.amazon.com/Yoplait-Whips-Light-Fluffy-Yogurt/dp/B000R4B6DE/ref=sr_1_67_a_f_it?ie=UTF8&qid=1535378926&sr=8-67&ppw=fresh&keywords=yogurt,,,,,,,,,,,,,,,,,,,,,,
,,https://www.walmart.com/ip/Fage-Total-2-All-Natural-Greek-Strained-Yogurt-17-6-oz/19857846,https://www.walmart.com/ip/Chobani-Apricot-Fruit-on-the-Bottom-Low-Fat-Greek-Yogurt-5-3-oz/27419989,https://www.amazon.com/Yoplait-Whips-Yogurt-Chocolate-4-0/dp/B000R47RB4/ref=sr_1_68_a_f_it?ie=UTF8&qid=1535378926&sr=8-68&ppw=fresh&keywords=yogurt,,,,,,,,,,,,,,,,,,,,,,
,,https://www.walmart.com/ip/Stonyfield-Organic-Greek-0-Fat-Plain-Nonfat-Yogurt-32-oz/39670537,https://www.walmart.com/ip/Chobani-Flip-Tropical-Escape-Low-Fat-Greek-Yogurt-5-3-oz/32635974,https://www.amazon.com/Dannon-Activia-Strawberry-Lowfat-Yogurt/dp/B00DM02V3Y/ref=sr_1_71_a_f_it?ie=UTF8&qid=1535378926&sr=8-71&ppw=fresh&keywords=yogurt,,,,,,,,,,,,,,,,,,,,,,
,,https://www.walmart.com/ip/Great-Value-Blended-Whole-Milk-Plain-Greek-Yogurt-32-oz/42004057,https://www.walmart.com/ip/Great-Value-Light-Greek-Vanilla-Nonfat-Yogurt-32-oz/41972648,https://www.amazon.com/Yo-Crunch-753614-YoCrunch-Vanilla/dp/B00G686O5K/ref=sr_1_73_a_f_it?ie=UTF8&qid=1535378926&sr=8-73&ppw=fresh&keywords=yogurt,,,,,,,,,,,,,,,,,,,,,,
,,https://www.walmart.com/ip/Oikos-Plain-Greek-Nonfat-Yogurt-5-3-oz/19500140,https://www.walmart.com/ip/Chobani-Flip-Peanut-Butter-Dream-Low-Fat-Greek-Yogurt-5-3-oz/46180334,https://www.amazon.com/Dannon-Activia-Vanilla-Lowfat-Yogurt/dp/B000Q3U9RA/ref=sr_1_75_a_f_it?ie=UTF8&qid=1535378926&sr=8-75&ppw=fresh&keywords=yogurt,,,,,,,,,,,,,,,,,,,,,,
,,https://www.walmart.com/ip/Great-Value-Plain-Greek-Nonfat-Yogurt-32-oz/26559565,https://www.walmart.com/ip/Chobani-Peach-on-the-Bottom-Non-Fat-Greek-Yogurt-5-3-oz/21291506,https://www.amazon.com/Yoplait-Whips-Yogurt-Orange-Flavored/dp/B00JJ6ZA56/ref=sr_1_76_a_f_it?ie=UTF8&qid=1535378926&sr=8-76&ppw=fresh&keywords=yogurt,,,,,,,,,,,,,,,,,,,,,,
,,https://www.walmart.com/ip/Oikos-Plain-Greek-Nonfat-Yogurt-32-oz/17619608,https://www.walmart.com/ip/Chobani-Key-Lime-Blended-Low-Fat-Greek-Yogurt-5-3-Ounce-Cup-4-Cup-Pack/32635977,https://www.amazon.com/Delicious-Coconutmilk-Yogurt-Alternative-Vanilla/dp/B019HS2P5I/ref=sr_1_78_a_f_it?ie=UTF8&qid=1535378926&sr=8-78&ppw=fresh&keywords=yogurt,,,,,,,,,,,,,,,,,,,,,,
,,https://www.walmart.com/ip/Oikos-Plain-Greek-Nonfat-Yogurt-32-oz/17619608,https://www.walmart.com/ip/Chobani-Coconut-Blended-Low-Fat-Greek-Yogurt-5-3-Ounce-Cup-4-Cup-Pack/32635981,https://www.amazon.com/Yoplait-Go-Gurt-Portable-Variety-Strawberry/dp/B01J1BA0EE/ref=sr_1_1_f_f_it?s=amazonfresh&ie=UTF8&qid=1535379083&sr=1-1&fpw=fresh&keywords=gogurt,,,,,,,,,,,,,,,,,,,,,,
,,https://www.walmart.com/ip/Cabot-Greek-Style-Plain-Yogurt-2-lb/32358846,https://www.walmart.com/ip/Chobani-Coffee-Cream-Blended-Whole-Milk-Greek-Yogurt-5-3-oz/46083070,https://www.amazon.com/Yoplait-Go-Gurt-SpongeBob-Portable-Strawberry/dp/B01J1B6WEG/ref=sr_1_2_f_f_it?s=amazonfresh&ie=UTF8&qid=1535379083&sr=1-2&fpw=fresh&keywords=gogurt,,,,,,,,,,,,,,,,,,,,,,
,,https://www.walmart.com/ip/Cabot-Greek-Style-Plain-Lowfat-Yogurt-2-lb/32358850,https://www.walmart.com/ip/Chobani-Flip-Salted-Caramel-Crunch-Low-Fat-Greek-Yogurt-5-3-oz/42701881,https://www.amazon.com/Yoplait-Go-Gurt-Simply-Portable-Variety/dp/B01J1B6WIW/ref=sr_1_3_f_f_it?s=amazonfresh&ie=UTF8&qid=1535379083&sr=1-3&fpw=fresh&keywords=gogurt,,,,,,,,,,,,,,,,,,,,,,
,,https://www.walmart.com/ip/Fage-Total-Greek-Yogurt-500g-17-6oz/136560042,https://www.walmart.com/ip/Dannon-Oikos-Triple-Zero-Blended-Greek-Nonfat-Yogurt-Vanilla-5-3oz-4-pack/49028504,https://www.amazon.com/Yoplait-Go-Gurt-Simply-Strawberry-Portable/dp/B01J1B6Q7E/ref=sr_1_4_f_f_it?s=amazonfresh&ie=UTF8&qid=1535379083&sr=1-4&fpw=fresh&keywords=gogurt,,,,,,,,,,,,,,,,,,,,,,
,,https://www.walmart.com/ip/Cabot-Greek-Style-Plain-Lowfat-Yogurt-3-lb/39670657,https://www.walmart.com/ip/Chobani-Flip-Key-Lime-Crumble-Low-Fat-Greek-Yogurt-5-3-oz/23984451,https://www.amazon.com/Yoplait-Go-Gurt-Teenage-Turtles-Portable/dp/B01J1B6WY6/ref=sr_1_7_f_f_it?s=amazonfresh&ie=UTF8&qid=1535379083&sr=1-7&fpw=fresh&keywords=gogurt,,,,,,,,,,,,,,,,,,,,,,
,,https://www.amazon.com/Wallaby-Organic-Greek-Yogurt-Plain/dp/B00DIHM32U/ref=sr_1_33_a_f_it?ie=UTF8&qid=1535385995&sr=8-33&ppw=fresh&keywords=greek+yogurt,https://www.walmart.com/ip/Chobani-Key-Lime-Blended-Low-Fat-Greek-Yogurt-5-3-oz/34444473,https://www.amazon.com/Yoplait-Go-Gurt-Portable-Variety-Strawberry/dp/B01J1B6QTW/ref=sr_1_8_f_f_it?s=amazonfresh&ie=UTF8&qid=1535379083&sr=1-8&fpw=fresh&keywords=gogurt,,,,,,,,,,,,,,,,,,,,,,
,,https://www.samsclub.com/sams/plain-greek-yogurt-6-40-oz/prod20297983.ip?xid=plp_product_1_1,https://www.walmart.com/ip/Oikos-Traditional-Raspberry-Greek-Yogurt-5-3-oz-4-count/23591114,https://www.amazon.com/Yoplait-Go-Gurt-SpongeBob-Portable-Strawberry/dp/B01J1B6Q9M/ref=sr_1_9_f_f_it?s=amazonfresh&ie=UTF8&qid=1535379083&sr=1-9&fpw=fresh&keywords=gogurt,,,,,,,,,,,,,,,,,,,,,,
,,https://www.wegmans.com/products/dairy/yogurt/yogurt/greek-yogurt-plain-35471.html,https://www.walmart.com/ip/Dannon-Light-Fit-Strawberry-Blueberry-Greek-Nonfat-Yogurt-5-3-oz-6-ct/36618158,https://www.amazon.com/Yoplait-Go-Gurt-Portable-Yogurt-Raspberry/dp/B076HSG16D/ref=sr_1_10_f_f_it?s=amazonfresh&ie=UTF8&qid=1535379083&sr=1-10&fpw=fresh&keywords=gogurt,,,,,,,,,,,,,,,,,,,,,,
,,https://www.wegmans.com/products/dairy/yogurt/yogurt/greek-yogurt-plain-35471.html,https://www.walmart.com/ip/Chobani-Mango-Fruit-on-the-Bottom-Low-Fat-Greek-Yogurt-5-3-oz/21291516,https://www.amazon.com/Yoplait-Go-Gurt-Portable-Variety-Strawberry/dp/B01J1B6Y9E/ref=sr_1_11_f_f_it?s=amazonfresh&ie=UTF8&qid=1535379083&sr=1-11&fpw=fresh&keywords=gogurt,,,,,,,,,,,,,,,,,,,,,,
,,https://www.wegmans.com/products/dairy/yogurt/yogurt/greek-yogurt-plain-family-pack-36901.html,https://www.walmart.com/ip/Dannon-Light-Fit-Greek-Vanilla-Nonfat-Yogurt-5-3-oz-4-ct/21961723,https://www.amazon.com/Yoplait-Go-Gurt-Strawberry-Vanilla-Portable/dp/B01HTNASLG/ref=sr_1_12_f_f_it?s=amazonfresh&ie=UTF8&qid=1535379083&sr=1-12&fpw=fresh&keywords=gogurt,,,,,,,,,,,,,,,,,,,,,,
,,https://www.wegmans.com/products/dairy/yogurt/yogurt/greek-yogurt-plain-family-pack.html,https://www.walmart.com/ip/Chobani-Strawberry-Blended-Non-Fat-Yogurt-32-oz/25205749,https://www.amazon.com/Stonyfield-Organic-YoKids-Strawberry-Squeezers/dp/B000QJGLHG/ref=sr_1_13_f_f_it?s=amazonfresh&ie=UTF8&qid=1535379083&sr=1-13&fpw=fresh&keywords=gogurt,,,,,,,,,,,,,,,,,,,,,,
,,https://www.wegmans.com/products/dairy/yogurt/yogurt/yogurt-greek-strained.html,https://www.walmart.com/ip/Chobani-Vanilla-Blended-Non-Fat-Greek-Yogurt-32-oz/21291512,https://www.amazon.com/Yoplait-Go-Gurt-Cotton-Yogurt-Variety/dp/B01J1B6QII/ref=sr_1_15_f_f_it?s=amazonfresh&ie=UTF8&qid=1535379083&sr=1-15&fpw=fresh&keywords=gogurt,,,,,,,,,,,,,,,,,,,,,,
,,https://www.wegmans.com/products/dairy/yogurt/yogurt/yogurt-greek-lowfat-strained-all-natural.html,https://www.walmart.com/ip/Oikos-Vanilla-Greek-Nonfat-Yogurt-5-3-oz-4-count/21002402,https://www.amazon.com/Danimals-Smoothies-Strawberry-Explosion-12-pack/dp/B00FZH09F4/ref=sr_1_18_f_f_it?s=amazonfresh&ie=UTF8&qid=1535379083&sr=1-18&fpw=fresh&keywords=gogurt,,,,,,,,,,,,,,,,,,,,,,
,,https://www.wegmans.com/products/dairy/yogurt/yogurt/yogurt-greek-strained-all-natural.html,https://www.walmart.com/ip/Yoplait-Greek-100-Whips-Yogurt-Strawberry-4-oz-Cup/42700858,https://www.amazon.com/Yoplait-Go-Gurt-Portable-Yogurt-Raspberry/dp/B076HMT48Z/ref=sr_1_17_f_f_it?s=amazonfresh&ie=UTF8&qid=1535379083&sr=1-17&fpw=fresh&keywords=gogurt,,,,,,,,,,,,,,,,,,,,,,
,,https://www.wegmans.com/products/dairy/yogurt/yogurt/yogurt-greek-lowfat-strained.html,https://www.walmart.com/ip/Oikos-Orange-Cream-Traditional-Whole-Milk-Greek-Yogurt-5-3-oz/23591117,https://www.amazon.com/Dannon-Danimals-Smoothies-Strawberry-Explosion/dp/B000Q3X3ZK/ref=sr_1_19_f_f_it?s=amazonfresh&ie=UTF8&qid=1535379083&sr=1-19&fpw=fresh&keywords=gogurt,,,,,,,,,,,,,,,,,,,,,,
,,https://www.wegmans.com/products/dairy/yogurt/yogurt/yogurt-greek-nonfat-strained.html,https://www.walmart.com/ip/Yoplait-Greek-100-Whips-Yogurt-Strawberry-Cheesecake-4-oz/42700884,https://www.walmart.com/ip/Yoplait-Original-Yogurt-Blackberry-Pomegranate-6-oz/12166833,,,,,,,,,,,,,,,,,,,,,,
,,,https://www.walmart.com/ip/Dannon-Light-Fit-Greek-Blended-Nonfat-Yogurt-Blueberry-5-3oz-Single-Serve/27735831,https://www.walmart.com/ip/Yoplait-Whips-Yogurt-Chocolate-Gluten-Free-4-oz-Cup/10321094,,,,,,,,,,,,,,,,,,,,,,
,,,https://www.walmart.com/ip/Chobani-Flip-Chocolate-Haze-Craze-Low-Fat-Greek-Yogurt-5-3-oz/42701882,https://www.walmart.com/ip/Yoplait-Whips-Yogurt-Chocolate-Gluten-Free-4-oz-Cup/10321094,,,,,,,,,,,,,,,,,,,,,,
,,,https://www.walmart.com/ip/Chobani-Kids-Grape-Strawberry-Low-Fat-Greek-Yogurt-3-5-oz-Pouch-4-Pouch-Pack/42701887,https://www.walmart.com/ip/Yoplait-Whips-Coconut-Cream-Low-fat-Yogurt-Mousse/142224169,,,,,,,,,,,,,,,,,,,,,,
,,,https://www.walmart.com/ip/Oikos-Strawberry-Traditional-Whole-Milk-Greek-Yogurt-5-3-oz-4-ct/47737963,https://www.walmart.com/ip/Yoplait-Original-Yogurt-Variety-Pack-72-oz-12-Count/49543522,,,,,,,,,,,,,,,,,,,,,,
,,,https://www.walmart.com/ip/Dannon-Light-Fit-Greek-Vanilla-Nonfat-Yogurt-32-oz/25460584,https://www.walmart.com/ip/Yoplait-Light-Fat-Free-Yogurt-Red-Velvet-Cupcake-6-oz/14651728,,,,,,,,,,,,,,,,,,,,,,
,,,https://www.walmart.com/ip/Dannon-Oikos-Blended-Whole-Milk-Greek-Yogurt-Key-Lime-4-5-3-oz-Pack/23591113,https://www.walmart.com/ip/Yoplait-Original-Yogurt-Smooth-Style-Harvest-Peach-Tub-32-oz/10321095,,,,,,,,,,,,,,,,,,,,,,
,,,https://www.walmart.com/ip/Oikos-Triple-Zero-Strawberry-Greek-Nonfat-Yogurt-5-3-oz/45595081,https://www.walmart.com/ip/Yoplait-Light-Fat-Free-Yogurt-Very-Cherry-6-oz-Cup/10320981,,,,,,,,,,,,,,,,,,,,,,
,,,https://www.walmart.com/ip/Dannon-Oikos-Triple-Zero-Banana-Cr-me-Greek-Nonfat-Yogurt-5-3-Oz/45595083,https://www.walmart.com/ip/Yoplait-Original-Yogurt-Pina-Colada-Gluten-Free-6-oz-Cup/10320912,,,,,,,,,,,,,,,,,,,,,,
,,,https://www.walmart.com/ip/Oikos-Lemon-Meringue-Traditional-Blended-Whole-Milk-Greek-Yogurt-5-3-oz/25460580,https://www.walmart.com/ip/Yoplait-Light-Fat-Free-Yogurt-Red-Raspberry-6-oz-Cup/10320979,,,,,,,,,,,,,,,,,,,,,,
,,,https://www.walmart.com/ip/Oikos-Triple-Zero-Coconut-Creme-Greek-Nonfat-Yogurt-5-3-oz/45726053,https://www.walmart.com/ip/Yoplait-Original-Yogurt-Mixed-Berry-Gluten-Free-6-oz-Cup/10320911,,,,,,,,,,,,,,,,,,,,,,
,,,https://www.walmart.com/ip/Oikos-Triple-Zero-Peach-Greek-Nonfat-Yogurt-5-3-oz/45595082,https://www.walmart.com/ip/Yoplait-Light-Fat-Free-Yogurt-Orange-Cr-me-6-oz-Cup/10320974,,,,,,,,,,,,,,,,,,,,,,
,,,https://www.walmart.com/ip/Chobani-Blueberry-on-the-Bottom-Non-Fat-Greek-Yogurt-5-3-Ounce-Cup-4-Cup-Pack/27419998,https://www.walmart.com/ip/Yoplait-Original-Yogurt-Mountain-Blueberry-6-oz-Cup/10320905,,,,,,,,,,,,,,,,,,,,,,
,,,https://www.walmart.com/ip/Dannon-Oikos-Triple-Zero-Blended-Greek-Nonfat-Yogurt-Vanilla-5-3oz-Single-Serve/45595080,https://www.walmart.com/ip/Yoplait-Original-Yogurt-Strawberry-48-oz-8-Count/47183342,,,,,,,,,,,,,,,,,,,,,,
,,,https://www.walmart.com/ip/Dannon-Light-Fit-Greek-Blended-Nonfat-Yogurt-Strawberry-Cheesecake-5-3oz-4-pack/47737964,https://www.walmart.com/ip/Yoplait-Original-Yogurt-Vanilla-Tub-Gluten-Free-32-oz/10320963,,,,,,,,,,,,,,,,,,,,,,
,,,https://www.walmart.com/ip/Oikos-Triple-Zero-Salted-Caramel-Greek-Nonfat-Yogurt-5-3-oz/49329676,https://www.walmart.com/ip/Yoplait-Light-Yogurt-with-Granola-Blueberry-12-oz-2-Count/17619782,,,,,,,,,,,,,,,,,,,,,,
,,,https://www.walmart.com/ip/Dannon-Oikos-Key-Lime-Flavor-Yogurt-5-3-oz/17619628,https://www.walmart.com/ip/Yoplait-Greek-100-Protein-Yogurt-Strawberry-Cheesecake-5-3-oz/34144650,,,,,,,,,,,,,,,,,,,,,,
,,,https://www.walmart.com/ip/Oikos-Triple-Zero-Vanilla-Greek-Nonfat-Yogurt-32-oz/45743173,https://www.walmart.com/ip/Yoplait-Original-Yogurt-Strawberry-Kiwi-6-oz-Cup/10320914,,,,,,,,,,,,,,,,,,,,,,
,,,https://www.walmart.com/ip/Oikos-Triple-Zero-Strawberry-Mixed-Berry-Greek-Nonfat-Yogurt-5-3-oz-6-ct/49342252,https://www.walmart.com/ip/Yoplait-Light-Fat-Free-Yogurt-Banana-Cream-Pie-6-oz/10320984,,,,,,,,,,,,,,,,,,,,,,
,,,https://www.walmart.com/ip/Fage-Total-2-Lowfat-Greek-Strained-Yogurt-with-Cherry-5-3-oz/19857840,https://www.walmart.com/ip/Yoplait-Original-Yogurt-Red-Raspberry-Gluten-Free-6-oz-Cup/10320904,,,,,,,,,,,,,,,,,,,,,,
,,,https://www.walmart.com/ip/Dannon-Light-Fit-Greek-Nonfat-Yogurt-Cherry-5-3oz-Single-Serve/27735834,https://www.walmart.com/ip/Dannon-Activia-Probiotic-Blended-Lowfat-Yogurt-Strawberry-4oz-4-Pack/10291219,,,,,,,,,,,,,,,,,,,,,,
,,,https://www.walmart.com/ip/Oikos-Banana-Cream-Traditional-Blended-Whole-Milk-Greek-Yogurt-5-3-oz/23591119,https://www.walmart.com/ip/Dannon-Danimals-Lowfat-Yogurt-Smoothie-Strawberry-Explosion-3-1fl-oz-6-ct/12166443,,,,,,,,,,,,,,,,,,,,,,
,,,https://www.walmart.com/ip/Dannon-Light-Fit-Greek-Blended-Nonfat-Yogurt-Toasted-Coconut-Vanilla-5-3oz-Single-Serve/25460585,https://www.walmart.com/ip/Dannon-Light-Fit-Mixed-Berry-Nonfat-Yogurt-Drink-7-oz-4-ct/54188303,,,,,,,,,,,,,,,,,,,,,,
,,,https://www.walmart.com/ip/Dannon-Light-Fit-Greek-Blended-Nonfat-Yogurt-Strawberry-5-3oz-Single-Serve/27735830,https://www.walmart.com/ip/Dannon-Vanilla-All-Natural-Lowfat-Yogurt-32-oz/10291168,,,,,,,,,,,,,,,,,,,,,,
,,,https://www.walmart.com/ip/Chobani-Pineapple-Fruit-on-the-Bottom-Low-Fat-Greek-Yogurt-5-3-Ounce-Cup-4-Cup-Pack/27420008,https://www.walmart.com/ip/Dannon-Danimals-Lowfat-Yogurt-Smoothies-Strawberry-Explosion-Banana-Split-3-1fl-oz-12-ct/17619611,,,,,,,,,,,,,,,,,,,,,,
,,,https://www.walmart.com/ip/Dannon-Light-Fit-Greek-Nonfat-Yogurt-Pumpkin-Pie-5-3oz-Single-Serve/39517563,https://www.walmart.com/ip/Dannon-Danimals-Lowfat-Yogurt-Pouches-Swingin-Strawberry-Banana-4oz-4-pack/40715938,,,,,,,,,,,,,,,,,,,,,,
,,,https://www.walmart.com/ip/Yoplait-Greek-100-Whips-Yogurt-Lemon-Meringue-4-oz/42700863,https://www.walmart.com/ip/Dannon-Danonino-Yogurt-Strawberry-1-76oz-6-ct/10801064,,,,,,,,,,,,,,,,,,,,,,
,,,https://www.walmart.com/ip/Dannon-Oikos-Blended-Nonfat-Greek-Yogurt-Vanilla-5-3-oz-Single-Serve/17283366,https://www.walmart.com/ip/Brand-Dannon-Classic-All-Natural-Whole-Milk-Yogurt-Plain-32oz-Quart/10291171,,,,,,,,,,,,,,,,,,,,,,
,,,https://www.walmart.com/ip/Oikos-Blueberry-Greek-Nonfat-Yogurt-5-3-oz/17283365,https://www.walmart.com/ip/Brand-Dannon-Classic-All-Natural-Nonfat-Yogurt-Plain-32oz-Tub/10291169,,,,,,,,,,,,,,,,,,,,,,
,,,https://www.walmart.com/ip/Yoplait-Greek-100-Protein-Yogurt-Strawberry-Cheesecake-5-3-oz/34144650,https://www.walmart.com/ip/Dannon-Activa-Lowfat-Yogurt-Pineapple-Coconut-4-4-oz-cups/143817842,,,,,,,,,,,,,,,,,,,,,,
,,,https://www.walmart.com/ip/Oikos-Greek-Black-Cherry-Fruit-On-The-Bottom-Nonfat-Yogurt-5-3-oz/17619626,https://www.wegmans.com/products/dairy/yogurt/yogurt/yogurt-lactose-free-low-fat-french-vanilla.html,,,,,,,,,,,,,,,,,,,,,,
,,,https://www.walmart.com/ip/Tillamook-Washington-Raspberry-Farmstyle-Greek-Strained-Yogurt-5-3-oz/47394284,https://www.wegmans.com/products/dairy/yogurt/yogurt/yogurt-fat-free-very-vanilla.html,,,,,,,,,,,,,,,,,,,,,,
,,,https://www.walmart.com/ip/Yoplait-Greek-100-Protein-Yogurt-Key-Lime-5-3-oz-Cup/24506225,https://www.wegmans.com/products/dairy/yogurt/yogurt/low-fat-yogurt-strawberry.html,,,,,,,,,,,,,,,,,,,,,,
,,,https://www.walmart.com/ip/Oikos-Crunch-Key-Lime-Crumble-Greek-Nonfat-Yogurt-5-oz/49342251,https://www.wegmans.com/products/dairy/yogurt/yogurt/yogurt-whole-milk-plain-124337.html,,,,,,,,,,,,,,,,,,,,,,
,,,https://www.walmart.com/ip/Yoplait-Greek-100-Protein-Yogurt-Apple-Pie-5-3-oz/34144649,https://www.wegmans.com/products/dairy/yogurt/yogurt/smoothies-strawberry-explosion-flavor-swingin-strawberry-banana-flavor.html,,,,,,,,,,,,,,,,,,,,,,
,,,https://www.walmart.com/ip/The-Greek-Gods-Seriously-Indulgent-Greek-Whole-Milk-Yogurt-Marionberry-5-3-oz/940853171,https://www.wegmans.com/products/dairy/yogurt/yogurt/low-fat-yogurt-variety-pack.html,,,,,,,,,,,,,,,,,,,,,,
,,,https://www.walmart.com/ip/Oikos-Crunch-Banana-Peanut-Butter-Crunch-Greek-Nonfat-Yogurt-5-oz/49329678,https://www.wegmans.com/products/dairy/yogurt/yogurt/greek-nonfat-yogurt-raspberry-chocolate.html,,,,,,,,,,,,,,,,,,,,,,
,,,https://www.walmart.com/ip/Karoun-Greek-Style-Yogurt-with-Honey-24-oz/161776326,https://www.wegmans.com/products/dairy/yogurt/yogurt/greek-yogurt-plain-family-pack.html,,,,,,,,,,,,,,,,,,,,,,
,,,https://www.walmart.com/ip/Great-Value-Original-Vanilla-Light-Nonfat-Yogurt-32-oz-Tub/45106818,https://www.wegmans.com/products/dairy/yogurt/yogurt/vanilla-lowfat-yogurt-86791.html,,,,,,,,,,,,,,,,,,,,,,
,,,https://www.walmart.com/ip/Yoplait-Greek-100-Calories-Whips-Limited-Edition-Cafe-Latte-Yogurt-Mousse-4-oz/49769658,https://www.wegmans.com/products/dairy/yogurt/yogurt/plain-lowfat-yogurt-86800.html,,,,,,,,,,,,,,,,,,,,,,
,,,https://www.walmart.com/ip/Dannon-Light-Fit-Yogurt-5-3-oz/25460586,https://www.wegmans.com/products/dairy/yogurt/yogurt/lowfat-blended-vanilla-super-yogurt.html,,,,,,,,,,,,,,,,,,,,,,
,,,https://www.walmart.com/ip/Dannon-Oikos-Vanilla-Yogurt-32-oz/17283374,https://www.wegmans.com/products/dairy/yogurt/yogurt/lowfat-blended-vanilla-super-yogurt.html,,,,,,,,,,,,,,,,,,,,,,
,,,https://www.walmart.com/ip/Cabot-Vermont-Vanilla-Bean-Greek-Style-Lowfat-Yogurt-2-lb/33142931,https://www.wegmans.com/products/dairy/yogurt/yogurt/blended-lowfat-yogurt-variety-pack-family-pack.html,,,,,,,,,,,,,,,,,,,,,,
,,,https://www.amazon.com/Chobani-Lime-Blended-Greek-Yogurt/dp/B00M1EK43G/ref=sr_1_35_a_f_it?ie=UTF8&qid=1535386060&sr=8-35&ppw=fresh&keywords=greek+yogurt,https://www.samsclub.com/sams/gogurt-32-ct/prod21001612.ip?xid=plp_product_1_1,,,,,,,,,,,,,,,,,,,,,,
,,,https://www.amazon.com/TOTAL-Split-Greek-Yogurt-Honey/dp/B0012ZGI26/ref=sr_1_39_a_f_it?ie=UTF8&qid=1535386060&sr=8-39&ppw=fresh&keywords=greek+yogurt,https://www.samsclub.com/sams/dannon-danimals-smoothies-drinks-variety-pack/prod21124539.ip?xid=plp_product_1_9,,,,,,,,,,,,,,,,,,,,,,
,,,https://www.amazon.com/Chobani-Vanilla-Blended-Non-Fat-Yogurt/dp/B002GVJZ4I/ref=sr_1_40_a_f_it?ie=UTF8&qid=1535386060&sr=8-40&ppw=fresh&keywords=greek+yogurt,https://www.samsclub.com/sams/yocrunch-yogurt-18pk-6oz/prod14310377.ip?xid=plp_product_1_10,,,,,,,,,,,,,,,,,,,,,,
,,,https://www.amazon.com/TOTAL-Split-Greek-Yogurt-Blueberry/dp/B00CJ5QZGW/ref=sr_1_41_a_f_it?ie=UTF8&qid=1535386060&sr=8-41&ppw=fresh&keywords=greek+yogurt,https://www.samsclub.com/sams/activia-probiotic-lowfat-yogurt-variety-pack-24ct/prod22382672.ip?xid=plp_product_1_12,,,,,,,,,,,,,,,,,,,,,,
,,,https://www.amazon.com/Wallaby-Organic-Yogurt-Blended-Vanilla/dp/B00LMAXCOI/ref=sr_1_43_a_f_it?ie=UTF8&qid=1535386060&sr=8-43&ppw=fresh&keywords=greek+yogurt,,,,,,,,,,,,,,,,,,,,,,,
,,,https://www.amazon.com/Powerful-High-Protein-Instant-Oatmeal-Ingredients/dp/B01ID8F60E/ref=sr_1_45_sspa?ie=UTF8&qid=1535386060&sr=8-45-spons&keywords=greek+yogurt&psc=1,,,,,,,,,,,,,,,,,,,,,,,
,,,https://www.amazon.com/Chobani-Pineapple-Bottom-Low-Fat-Yogurt/dp/B008U5OQ8E/ref=sr_1_47_a_f_it?ie=UTF8&qid=1535386060&sr=8-47&ppw=fresh&keywords=greek+yogurt,,,,,,,,,,,,,,,,,,,,,,,
,,,https://www.amazon.com/TOTAL-Split-Greek-Yogurt-Peach/dp/B0012ZCPM8/ref=sr_1_50_a_f_it?ie=UTF8&qid=1535386060&sr=8-50&ppw=fresh&keywords=greek+yogurt,,,,,,,,,,,,,,,,,,,,,,,
,,,https://www.amazon.com/Greek-Gods-Traditional-Yogurt-Honey/dp/B000Q651PM/ref=sr_1_51_a_f_it?ie=UTF8&qid=1535386114&sr=8-51&ppw=fresh&keywords=greek+yogurt,,,,,,,,,,,,,,,,,,,,,,,
,,,https://www.amazon.com/Dannon-Light-Fit-Nonfat-Blended/dp/B00MIYPEEI/ref=sr_1_54_a_f_it?ie=UTF8&qid=1535386114&sr=8-54&ppw=fresh&keywords=greek+yogurt,,,,,,,,,,,,,,,,,,,,,,,
,,,https://www.amazon.com/Dannon-Activia-Nonfat-Vanilla-Probiotics/dp/B00DM02YS6/ref=sr_1_58_a_f_it?ie=UTF8&qid=1535386114&sr=8-58&ppw=fresh&keywords=greek+yogurt,,,,,,,,,,,,,,,,,,,,,,,
,,,https://www.amazon.com/Dannon-Oikos-Triple-Blended-Coconut/dp/B00T4E0O5E/ref=sr_1_60_a_f_it?ie=UTF8&qid=1535386114&sr=8-60&ppw=fresh&keywords=greek+yogurt,,,,,,,,,,,,,,,,,,,,,,,
,,,https://www.amazon.com/Chobani-Cherry-Bottom-Non-Fat-Yogurt/dp/B00M8ZEG1E/ref=sr_1_64_a_f_it?ie=UTF8&qid=1535386114&sr=8-64&ppw=fresh&keywords=greek+yogurt,,,,,,,,,,,,,,,,,,,,,,,
,,,https://www.amazon.com/Chobani-Strawberry-Bottom-Non-Fat-Yogurt/dp/B002GVJZI4/ref=sr_1_16_a_f_it?ie=UTF8&qid=1535385921&sr=8-16&ppw=fresh&keywords=greek+yogurt,,,,,,,,,,,,,,,,,,,,,,,
,,,https://www.amazon.com/Chobani-Raspberry-Bottom-Non-Fat-Yogurt/dp/B006JVIKL0/ref=sr_1_17_a_f_it?ie=UTF8&qid=1535385921&sr=8-17&ppw=fresh&keywords=greek+yogurt,,,,,,,,,,,,,,,,,,,,,,,
,,,https://www.amazon.com/Chobani-Peach-Bottom-Non-Fat-Yogurt/dp/B002GVK07O/ref=sr_1_18_a_f_it?ie=UTF8&qid=1535385921&sr=8-18&ppw=fresh&keywords=greek+yogurt,,,,,,,,,,,,,,,,,,,,,,,
,,,https://www.amazon.com/Dannon-Light-Fit-Blended-Vanilla/dp/B00CIQNUXI/ref=sr_1_20_a_f_it?ie=UTF8&qid=1535385921&sr=8-20&ppw=fresh&keywords=greek+yogurt,,,,,,,,,,,,,,,,,,,,,,,
,,,https://www.amazon.com/Dannon-Light-Fit-Blended-Strawberry/dp/B00CIQNURY/ref=sr_1_21_a_f_it?ie=UTF8&qid=1535385921&sr=8-21&ppw=fresh&keywords=greek+yogurt,,,,,,,,,,,,,,,,,,,,,,,
,,,https://www.amazon.com/Chobani-Blackberry-Bottom-Non-Fat-Yogurt/dp/B00M9X9DHM/ref=sr_1_21_a_f_it?ie=UTF8&qid=1535385995&sr=8-21&ppw=fresh&keywords=greek+yogurt,,,,,,,,,,,,,,,,,,,,,,,
,,,https://www.amazon.com/Chobani-Strawberry-Banana-Bottom-Low-Fat/dp/B00CJ8MK22/ref=sr_1_24_a_f_it?ie=UTF8&qid=1535385995&sr=8-24&ppw=fresh&keywords=greek+yogurt,,,,,,,,,,,,,,,,,,,,,,,
,,,https://www.amazon.com/Chobani-Mango-Bottom-Low-Fat-Yogurt/dp/B008U5OQ2K/ref=sr_1_27_a_f_it?ie=UTF8&qid=1535385995&sr=8-27&ppw=fresh&keywords=greek+yogurt,,,,,,,,,,,,,,,,,,,,,,,
,,,https://www.amazon.com/TOTAL-Split-Greek-Yogurt-Strawberry/dp/B0012ZEDTG/ref=sr_1_28_a_f_it?ie=UTF8&qid=1535385995&sr=8-28&ppw=fresh&keywords=greek+yogurt,,,,,,,,,,,,,,,,,,,,,,,
,,,https://www.amazon.com/Chobani-Coconut-Blended-Low-Fat-Yogurt/dp/B00M9AG5GC/ref=sr_1_32_a_f_it?ie=UTF8&qid=1535385995&sr=8-32&ppw=fresh&keywords=greek+yogurt,,,,,,,,,,,,,,,,,,,,,,,
,,,https://www.amazon.com/Yoplait-Greek-Yogurt-Vanilla-Cupcake/dp/B01B2OWUNW/ref=sr_1_102_a_f_it?ie=UTF8&qid=1535386482&sr=8-102&ppw=fresh&keywords=greek+yogurt,,,,,,,,,,,,,,,,,,,,,,,
,,,https://www.amazon.com/Chobani-Cherry-Bottom-Non-Fat-Yogurt/dp/B008U5OQ0M/ref=sr_1_104_a_f_it?ie=UTF8&qid=1535386482&sr=8-104&ppw=fresh&keywords=greek+yogurt,,,,,,,,,,,,,,,,,,,,,,,
,,,https://www.amazon.com/Yoplait-Greek-Whips-Yogurt-Strawberry/dp/B01B2OWQZY/ref=sr_1_106_a_f_it?ie=UTF8&qid=1535386482&sr=8-106&ppw=fresh&keywords=greek+yogurt,,,,,,,,,,,,,,,,,,,,,,,
,,,https://www.amazon.com/Chobani-Crumble-Low-Fat-Greek-Yogurt/dp/B00CJ8MARC/ref=sr_1_105_a_f_it?ie=UTF8&qid=1535386482&sr=8-105&ppw=fresh&keywords=greek+yogurt,,,,,,,,,,,,,,,,,,,,,,,
,,,https://www.amazon.com/Wallaby-Organic-Greek-Yogurt-Blueberry/dp/B00K1XKUPQ/ref=sr_1_108_a_f_it?ie=UTF8&qid=1535386482&sr=8-108&ppw=fresh&keywords=greek+yogurt,,,,,,,,,,,,,,,,,,,,,,,
,,,https://www.amazon.com/Dannon-Oikos-Traditional-Yogurt-oz-Single/dp/B00FZH09FY/ref=sr_1_109_a_f_it?ie=UTF8&qid=1535386482&sr=8-109&ppw=fresh&keywords=greek+yogurt,,,,,,,,,,,,,,,,,,,,,,,
,,,https://www.amazon.com/Dannon-Oikos-Blended-Strawberry-oz-Single/dp/B00T4E0JS6/ref=sr_1_111_a_f_it?ie=UTF8&qid=1535386482&sr=8-111&ppw=fresh&keywords=greek+yogurt,,,,,,,,,,,,,,,,,,,,,,,
,,,https://www.amazon.com/Chobani-Pomegranate-Bottom-Non-Fat-Yogurt/dp/B008U5OPVM/ref=sr_1_116_a_f_it?ie=UTF8&qid=1535386685&sr=8-116&ppw=fresh&keywords=greek+yogurt,,,,,,,,,,,,,,,,,,,,,,,
,,,https://www.amazon.com/Yoplait-Greek-Whips-Salted-Caramel/dp/B01APS0D2Q/ref=sr_1_126_a_f_it?ie=UTF8&qid=1535386685&sr=8-126&ppw=fresh&keywords=greek+yogurt,,,,,,,,,,,,,,,,,,,,,,,
,,,https://www.amazon.com/Chobani-Orange-Cream-Blended-Yogurt/dp/B008U5OPVW/ref=sr_1_127_a_f_it?ie=UTF8&qid=1535386685&sr=8-127&ppw=fresh&keywords=greek+yogurt,,,,,,,,,,,,,,,,,,,,,,,
,,,https://www.amazon.com/Yoplait-Greek-100-Yogurt-Blueberry/dp/B0107RYY02/ref=sr_1_131_a_f_it?ie=UTF8&qid=1535386725&sr=8-131&ppw=fresh&keywords=greek+yogurt,,,,,,,,,,,,,,,,,,,,,,,
,,,https://www.amazon.com/Chobani-Peanut-Butter-Low-Fat-Yogurt/dp/B00XD6RCUE/ref=sr_1_132_a_f_it?ie=UTF8&qid=1535386725&sr=8-132&ppw=fresh&keywords=greek+yogurt,,,,,,,,,,,,,,,,,,,,,,,
,,,https://www.amazon.com/Chobani-Raspberry-Bottom-Non-Fat-Yogurt/dp/B019FNCPU0/ref=sr_1_137_a_f_it?ie=UTF8&qid=1535386725&sr=8-137&ppw=fresh&keywords=greek+yogurt,,,,,,,,,,,,,,,,,,,,,,,
,,,https://www.amazon.com/Dannon-Oikos-Yogurt-Raspberry-Single/dp/B00DM038MW/ref=sr_1_149_a_f_it?ie=UTF8&qid=1535386752&sr=8-149&ppw=fresh&keywords=greek+yogurt,,,,,,,,,,,,,,,,,,,,,,,
,,,https://www.amazon.com/Dannon-Oikos-Toasted-Coconut-Vanilla/dp/B00DM038M2/ref=sr_1_160_a_f_it?ie=UTF8&qid=1535386752&sr=8-160&ppw=fresh&keywords=greek+yogurt,,,,,,,,,,,,,,,,,,,,,,,
,,,https://www.amazon.com/Yoplait-Greek-Calorie-Light-Cherry/dp/B00FZGZXQ0/ref=sr_1_164_a_f_it?ie=UTF8&qid=1535386775&sr=8-164&ppw=fresh&keywords=greek+yogurt,,,,,,,,,,,,,,,,,,,,,,,
,,,https://www.amazon.com/Chobani-Passion-Fruit-Greek-Yogurt/dp/B0147QKS18/ref=sr_1_167_a_f_it?ie=UTF8&qid=1535386775&sr=8-167&ppw=fresh&keywords=greek+yogurt,,,,,,,,,,,,,,,,,,,,,,,
,,,https://www.amazon.com/Greek-Gods-Black-Cherry-Yogurt/dp/B00QKEQGZS/ref=sr_1_170_a_f_it?ie=UTF8&qid=1535386775&sr=8-170&ppw=fresh&keywords=greek+yogurt,,,,,,,,,,,,,,,,,,,,,,,
,,,https://www.amazon.com/Fage-Greek-Free-Yogurt-Honey/dp/B00CJS6YS8/ref=sr_1_172_a_f_it?ie=UTF8&qid=1535386775&sr=8-172&ppw=fresh&keywords=greek+yogurt,,,,,,,,,,,,,,,,,,,,,,,
,,,https://www.amazon.com/Chobani-Flip-Cinnabun-Greek-Yogurt/dp/B01M5K177S/ref=sr_1_175_a_f_it?ie=UTF8&qid=1535386775&sr=8-175&ppw=fresh&keywords=greek+yogurt,,,,,,,,,,,,,,,,,,,,,,,
,,,https://www.amazon.com/Chobani-Honey-Thats-Low-Fat-Yogurt/dp/B01H8ET5FQ/ref=sr_1_193_a_f_it?ie=UTF8&qid=1535386813&sr=8-193&ppw=fresh&keywords=greek+yogurt,,,,,,,,,,,,,,,,,,,,,,,
,,,https://www.amazon.com/Chobani-Almond-Low-Fat-Greek-Yogurt/dp/B00CJ8MDA6/ref=sr_1_71_a_f_it?ie=UTF8&qid=1535386269&sr=8-71&ppw=fresh&keywords=greek+yogurt,,,,,,,,,,,,,,,,,,,,,,,
,,,https://www.amazon.com/Chobani-Smore-Smores-Greek-Yogurt/dp/B01M5K1APR/ref=sr_1_73_a_f_it?ie=UTF8&qid=1535386269&sr=8-73&ppw=fresh&keywords=greek+yogurt,,,,,,,,,,,,,,,,,,,,,,,
,,,https://www.amazon.com/TOTAL-Split-Greek-Yogurt-Raspberry/dp/B00CJS71LW/ref=sr_1_78_a_f_it?ie=UTF8&qid=1535386269&sr=8-78&ppw=fresh&keywords=greek+yogurt,,,,,,,,,,,,,,,,,,,,,,,
,,,https://www.amazon.com/Chobani-Greek-Yogurt-Lime-Pack/dp/B00M8ZEFJC/ref=sr_1_80_a_f_it?ie=UTF8&qid=1535386269&sr=8-80&ppw=fresh&keywords=greek+yogurt,,,,,,,,,,,,,,,,,,,,,,,
,,,https://www.amazon.com/Yoplait-Greek-Yogurt-Strawberry-Cheesecake/dp/B01CYI3THQ/ref=sr_1_82_a_f_it?ie=UTF8&qid=1535386269&sr=8-82&ppw=fresh&keywords=greek+yogurt,,,,,,,,,,,,,,,,,,,,,,,
,,,https://www.amazon.com/Wallaby-Organic-Yogurt-Blended-Vanilla/dp/B00LMAXCOS/ref=sr_1_84_a_f_it?ie=UTF8&qid=1535386447&sr=8-84&ppw=fresh&keywords=greek+yogurt,,,,,,,,,,,,,,,,,,,,,,,
,,,https://www.amazon.com/Chobani-Blueberry-Bottom-Non-Fat-Yogurt/dp/B00M8ZEFFQ/ref=sr_1_85_a_f_it?ie=UTF8&qid=1535386447&sr=8-85&ppw=fresh&keywords=greek+yogurt,,,,,,,,,,,,,,,,,,,,,,,
,,,https://www.amazon.com/Dannon-Oikos-Triple-Blended-Vanilla/dp/B00T4E0O36/ref=sr_1_86_a_f_it?ie=UTF8&qid=1535386447&sr=8-86&ppw=fresh&keywords=greek+yogurt,,,,,,,,,,,,,,,,,,,,,,,
,,,https://www.amazon.com/Wallaby-Organic-Yogurt-Blended-Strawberry/dp/B00LMAXCFM/ref=sr_1_87_a_f_it?ie=UTF8&qid=1535386447&sr=8-87&ppw=fresh&keywords=greek+yogurt,,,,,,,,,,,,,,,,,,,,,,,
,,,https://www.amazon.com/Wallaby-Organic-Nonfat-Greek-Yogurt/dp/B00K1XL0QO/ref=sr_1_96_a_f_it?ie=UTF8&qid=1535386447&sr=8-96&ppw=fresh&keywords=greek+yogurt,,,,,,,,,,,,,,,,,,,,,,,
,,,https://www.amazon.com/Wallaby-Organic-Greek-Yogurt-Strawberry/dp/B00K1XL1WM/ref=sr_1_97_a_f_it?ie=UTF8&qid=1535386447&sr=8-97&ppw=fresh&keywords=greek+yogurt,,,,,,,,,,,,,,,,,,,,,,,
,,,https://www.amazon.com/Chobani-Apple-Cinnamon-Blend-5-3/dp/B01MFGFR3B/ref=sr_1_215_a_f_it?ie=UTF8&qid=1535387042&sr=8-215&ppw=fresh&keywords=greek+yogurt,,,,,,,,,,,,,,,,,,,,,,,
,,,https://www.amazon.com/Chobani-Chocolate-Craze-Low-Fat-Yogurt/dp/B00TZFTYXA/ref=sr_1_219_a_f_it?ie=UTF8&qid=1535387042&sr=8-219&ppw=fresh&keywords=greek+yogurt,,,,,,,,,,,,,,,,,,,,,,,
,,,https://www.amazon.com/Chobani-Chocolate-Low-Fat-Greek-Yogurt/dp/B06XY86BW6/ref=sr_1_220_a_f_it?ie=UTF8&qid=1535387042&sr=8-220&ppw=fresh&keywords=greek+yogurt,,,,,,,,,,,,,,,,,,,,,,,
,,,https://www.amazon.com/Chobani-Perfect-Cobbler-Low-Fat-Yogurt/dp/B06XYMGKSW/ref=sr_1_222_a_f_it?ie=UTF8&qid=1535387042&sr=8-222&ppw=fresh&keywords=greek+yogurt,,,,,,,,,,,,,,,,,,,,,,,
,,,https://www.amazon.com/Chobani-Peanut-Caramel-Satisfaction-Low-Fat/dp/B01H8ET5C4/ref=sr_1_255_a_f_it?ie=UTF8&qid=1535387106&sr=8-255&ppw=fresh&keywords=greek+yogurt,,,,,,,,,,,,,,,,,,,,,,,
,,,https://www.amazon.com/Chobani-Flip-Yogurt-Tropical-Escape/dp/B00MA8BWOI/ref=sr_1_258_a_f_it?ie=UTF8&qid=1535387106&sr=8-258&ppw=fresh&keywords=greek+yogurt,,,,,,,,,,,,,,,,,,,,,,,
,,,https://www.amazon.com/Chobani-Mixed-Morning-Low-Fat-Yogurt/dp/B06XYLTQ1V/ref=sr_1_260_a_f_it?ie=UTF8&qid=1535387128&sr=8-260&ppw=fresh&keywords=greek+yogurt,,,,,,,,,,,,,,,,,,,,,,,
,,,https://www.amazon.com/Chobani-Nutty-Low-Fat-Greek-Yogurt/dp/B00NZO69WG/ref=sr_1_301_a_f_it?ie=UTF8&qid=1535387165&sr=8-301&ppw=fresh&keywords=greek+yogurt,,,,,,,,,,,,,,,,,,,,,,,
,,,https://www.samsclub.com/sams/chobani-greek-yogurt-0-16ct/prod21402235.ip?xid=plp_product_1_2,,,,,,,,,,,,,,,,,,,,,,,
,,,https://www.samsclub.com/sams/l-f-greek-quart-vanilla-32-oz/prod10140173.ip?xid=plp_product_1_4,,,,,,,,,,,,,,,,,,,,,,,
,,,https://www.wegmans.com/products/dairy/yogurt/yogurt/blended-greek-yogurt-lime.html,,,,,,,,,,,,,,,,,,,,,,,
,,,https://www.wegmans.com/products/dairy/yogurt/yogurt/greek-yogurt-vanilla-flavored.html,,,,,,,,,,,,,,,,,,,,,,,
,,,https://www.wegmans.com/products/dairy/yogurt/yogurt/yogurt-greek-low-fat-smore-smores.html,,,,,,,,,,,,,,,,,,,,,,,
,,,https://www.wegmans.com/products/dairy/yogurt/yogurt/yogurt-greek-low-fat-mango-on-the-bottom.html,,,,,,,,,,,,,,,,,,,,,,,
,,,https://www.wegmans.com/products/dairy/yogurt/yogurt/yogurt-greek-low-fat-a-hint-of-madagascar-vanilla-cinnamon.html,,,,,,,,,,,,,,,,,,,,,,,
,,,https://www.wegmans.com/products/dairy/yogurt/yogurt/yogurt-greek-low-fat-maple-blended.html,,,,,,,,,,,,,,,,,,,,,,,
,,,https://www.wegmans.com/products/dairy/yogurt/yogurt/yogurt-greek-low-fat-a-hint-of-monterey-strawberry.html,,,,,,,,,,,,,,,,,,,,,,,
,,,https://www.wegmans.com/products/dairy/yogurt/yogurt/yogurt-greek-nonfat-strained-with-raspberry.html,,,,,,,,,,,,,,,,,,,,,,,
,,,https://www.wegmans.com/products/dairy/yogurt/yogurt/yogurt-greek-low-fat-almond-coco-loco.html,,,,,,,,,,,,,,,,,,,,,,,
,,,https://www.wegmans.com/products/dairy/yogurt/yogurt/yogurt-greek-low-fat-blended-key-lime-4-value-pack.html,,,,,,,,,,,,,,,,,,,,,,,
,,,https://www.wegmans.com/products/dairy/yogurt/yogurt/yogurt-greek-low-fat-almond-coco-loco-value-4-pack.html,,,,,,,,,,,,,,,,,,,,,,,
,,,https://www.wegmans.com/products/dairy/yogurt/yogurt/yogurt-greek-lowfat-strained-with-blood-orange.html,,,,,,,,,,,,,,,,,,,,,,,
,,,https://www.wegmans.com/products/dairy/yogurt/yogurt/yogurt-blended-greek-nonfat-vanilla.html,,,,,,,,,,,,,,,,,,,,,,,
,,,https://www.wegmans.com/products/dairy/yogurt/yogurt/greek-yogurt-vanilla-flavored-family-pack.html,,,,,,,,,,,,,,,,,,,,,,,
,,,,,,,,,,,,,,,,,,,,,,,,,,
,,,,,,,,,,,,,,,,,,,,,,,,,,
,,,,,,,,,,,,,,,,,,,,,,,,,,
,,,,,,,,,,,,,,,,,,,,,,,,,,
,,,,,,,,,,,,,,,,,,,,,,,,,,
,,,,,,,,,,,,,,,,,,,,,,,,,,
,,,,,,,,,,,,,,,,,,,,,,,,,,
,,,,,,,,,,,,,,,,,,,,,,,,,,
,,,,,,,,,,,,,,,,,,,,,,,,,,
,,,,,,,,,,,,,,,,,,,,,,,,,,
,,,,,,,,,,,,,,,,,,,,,,,,,,
,,,,,,,,,,,,,,,,,,,,,,,,,,
,,,,,,,,,,,,,,,,,,,,,,,,,,
,,,,,,,,,,,,,,,,,,,,,,,,,,
,,,,,,,,,,,,,,,,,,,,,,,,,,
,,,,,,,,,,,,,,,,,,,,,,,,,,
,,,,,,,,,,,,,,,,,,,,,,,,,,
,,,,,,,,,,,,,,,,,,,,,,,,,,
,,,,,,,,,,,,,,,,,,,,,,,,,,
,,,,,,,,,,,,,,,,,,,,,,,,,,
,,,,,,,,,,,,,,,,,,,,,,,,,,
,,,,,,,,,,,,,,,,,,,,,,,,,,
,,,,,,,,,,,,,,,,,,,,,,,,,,
,,,,,,,,,,,,,,,,,,,,,,,,,,
,,,,,,,,,,,,,,,,,,,,,,,,,,
,,,,,,,,,,,,,,,,,,,,,,,,,,
,,,,,,,,,,,,,,,,,,,,,,,,,,
,,,,,,,,,,,,,,,,,,,,,,,,,,
,,,,,,,,,,,,,,,,,,,,,,,,,,
,,,,,,,,,,,,,,,,,,,,,,,,,,
,,,,,,,,,,,,,,,,,,,,,,,,,,
,,,,,,,,,,,,,,,,,,,,,,,,,,
,,,,,,,,,,,,,,,,,,,,,,,,,,
,,,,,,,,,,,,,,,,,,,,,,,,,,
,,,,,,,,,,,,,,,,,,,,,,,,,,
,,,,,,,,,,,,,,,,,,,,,,,,,,
,,,,,,,,,,,,,,,,,,,,,,,,,,
,,,,,,,,,,,,,,,,,,,,,,,,,,
,,,,,,,,,,,,,,,,,,,,,,,,,,
,,,,,,,,,,,,,,,,,,,,,,,,,,
,,,,,,,,,,,,,,,,,,,,,,,,,,
,,,,,,,,,,,,,,,,,,,,,,,,,,
,,,,,,,,,,,,,,,,,,,,,,,,,,
,,,,,,,,,,,,,,,,,,,,,,,,,,
,,,,,,,,,,,,,,,,,,,,,,,,,,
,,,,,,,,,,,,,,,,,,,,,,,,,,
,,,,,,,,,,,,,,,,,,,,,,,,,,
,,,,,,,,,,,,,,,,,,,,,,,,,,
,,,,,,,,,,,,,,,,,,,,,,,,,,
,,,,,,,,,,,,,,,,,,,,,,,,,,
,,,,,,,,,,,,,,,,,,,,,,,,,,
,,,,,,,,,,,,,,,,,,,,,,,,,,
,,,,,,,,,,,,,,,,,,,,,,,,,,
,,,,,,,,,,,,,,,,,,,,,,,,,,
,,,,,,,,,,,,,,,,,,,,,,,,,,
,,,,,,,,,,,,,,,,,,,,,,,,,,
,,,,,,,,,,,,,,,,,,,,,,,,,,
,,,,,,,,,,,,,,,,,,,,,,,,,,
,,,,,,,,,,,,,,,,,,,,,,,,,,
,,,,,,,,,,,,,,,,,,,,,,,,,,
,,,,,,,,,,,,,,,,,,,,,,,,,,
,,,,,,,,,,,,,,,,,,,,,,,,,,
,,,,,,,,,,,,,,,,,,,,,,,,,,
,,,,,,,,,,,,,,,,,,,,,,,,,,
,,,,,,,,,,,,,,,,,,,,,,,,,,
,,,,,,,,,,,,,,,,,,,,,,,,,,
,,,,,,,,,,,,,,,,,,,,,,,,,,
,,,,,,,,,,,,,,,,,,,,,,,,,,
,,,,,,,,,,,,,,,,,,,,,,,,,,
,,,,,,,,,,,,,,,,,,,,,,,,,,
,,,,,,,,,,,,,,,,,,,,,,,,,,
,,,,,,,,,,,,,,,,,,,,,,,,,,
,,,,,,,,,,,,,,,,,,,,,,,,,,
,,,,,,,,,,,,,,,,,,,,,,,,,,
,,,,,,,,,,,,,,,,,,,,,,,,,,
,,,,,,,,,,,,,,,,,,,,,,,,,,
,,,,,,,,,,,,,,,,,,,,,,,,,,
,,,,,,,,,,,,,,,,,,,,,,,,,,
,,,,,,,,,,,,,,,,,,,,,,,,,,
,,,,,,,,,,,,,,,,,,,,,,,,,,
,,,,,,,,,,,,,,,,,,,,,,,,,,
,,,,,,,,,,,,,,,,,,,,,,,,,,
,,,,,,,,,,,,,,,,,,,,,,,,,,
,,,,,,,,,,,,,,,,,,,,,,,,,,
,,,,,,,,,,,,,,,,,,,,,,,,,,
,,,,,,,,,,,,,,,,,,,,,,,,,,
,,,,,,,,,,,,,,,,,,,,,,,,,,
,,,,,,,,,,,,,,,,,,,,,,,,,,
,,,,,,,,,,,,,,,,,,,,,,,,,,
,,,,,,,,,,,,,,,,,,,,,,,,,,
,,,,,,,,,,,,,,,,,,,,,,,,,,
,,,,,,,,,,,,,,,,,,,,,,,,,,
,,,,,,,,,,,,,,,,,,,,,,,,,,
,,,,,,,,,,,,,,,,,,,,,,,,,,
,,,,,,,,,,,,,,,,,,,,,,,,,,
,,,,,,,,,,,,,,,,,,,,,,,,,,
,,,,,,,,,,,,,,,,,,,,,,,,,,
,,,,,,,,,,,,,,,,,,,,,,,,,,
,,,,,,,,,,,,,,,,,,,,,,,,,,
,,,,,,,,,,,,,,,,,,,,,,,,,,
,,,,,,,,,,,,,,,,,,,,,,,,,,
,,,,,,,,,,,,,,,,,,,,,,,,,,
,,,,,,,,,,,,,,,,,,,,,,,,,,
,,,,,,,,,,,,,,,,,,,,,,,,,,
,,,,,,,,,,,,,,,,,,,,,,,,,,
,,,,,,,,,,,,,,,,,,,,,,,,,,
,,,,,,,,,,,,,,,,,,,,,,,,,,
,,,,,,,,,,,,,,,,,,,,,,,,,,
,,,,,,,,,,,,,,,,,,,,,,,,,,
,,,,,,,,,,,,,,,,,,,,,,,,,,
,,,,,,,,,,,,,,,,,,,,,,,,,,
,,,,,,,,,,,,,,,,,,,,,,,,,,
,,,,,,,,,,,,,,,,,,,,,,,,,,
,,,,,,,,,,,,,,,,,,,,,,,,,,
,,,,,,,,,,,,,,,,,,,,,,,,,,
,,,,,,,,,,,,,,,,,,,,,,,,,,
,,,,,,,,,,,,,,,,,,,,,,,,,,
,,,,,,,,,,,,,,,,,,,,,,,,,,
,,,,,,,,,,,,,,,,,,,,,,,,,,
,,,,,,,,,,,,,,,,,,,,,,,,,,
,,,,,,,,,,,,,,,,,,,,,,,,,,
,,,,,,,,,,,,,,,,,,,,,,,,,,
,,,,,,,,,,,,,,,,,,,,,,,,,,
,,,,,,,,,,,,,,,,,,,,,,,,,,
,,,,,,,,,,,,,,,,,,,,,,,,,,
,,,,,,,,,,,,,,,,,,,,,,,,,,
,,,,,,,,,,,,,,,,,,,,,,,,,,
,,,,,,,,,,,,,,,,,,,,,,,,,,
,,,,,,,,,,,,,,,,,,,,,,,,,,
,,,,,,,,,,,,,,,,,,,,,,,,,,
,,,,,,,,,,,,,,,,,,,,,,,,,,
,,,,,,,,,,,,,,,,,,,,,,,,,,
,,,,,,,,,,,,,,,,,,,,,,,,,,
,,,,,,,,,,,,,,,,,,,,,,,,,,
,,,,,,,,,,,,,,,,,,,,,,,,,,
,,,,,,,,,,,,,,,,,,,,,,,,,,
,,,,,,,,,,,,,,,,,,,,,,,,,,
,,,,,,,,,,,,,,,,,,,,,,,,,,
,,,,,,,,,,,,,,,,,,,,,,,,,,
,,,,,,,,,,,,,,,,,,,,,,,,,,
,,,,,,,,,,,,,,,,,,,,,,,,,,
,,,,,,,,,,,,,,,,,,,,,,,,,,
,,,,,,,,,,,,,,,,,,,,,,,,,,
,,,,,,,,,,,,,,,,,,,,,,,,,,
,,,,,,,,,,,,,,,,,,,,,,,,,,
,,,,,,,,,,,,,,,,,,,,,,,,,,
,,,,,,,,,,,,,,,,,,,,,,,,,,
,,,,,,,,,,,,,,,,,,,,,,,,,,
,,,,,,,,,,,,,,,,,,,,,,,,,,
,,,,,,,,,,,,,,,,,,,,,,,,,,
,,,,,,,,,,,,,,,,,,,,,,,,,,
,,,,,,,,,,,,,,,,,,,,,,,,,,
,,,,,,,,,,,,,,,,,,,,,,,,,,
,,,,,,,,,,,,,,,,,,,,,,,,,,
,,,,,,,,,,,,,,,,,,,,,,,,,,
,,,,,,,,,,,,,,,,,,,,,,,,,,
,,,,,,,,,,,,,,,,,,,,,,,,,,
,,,,,,,,,,,,,,,,,,,,,,,,,,
,,,,,,,,,,,,,,,,,,,,,,,,,,
,,,,,,,,,,,,,,,,,,,,,,,,,,
,,,,,,,,,,,,,,,,,,,,,,,,,,
,,,,,,,,,,,,,,,,,,,,,,,,,,
,,,,,,,,,,,,,,,,,,,,,,,,,,
,,,,,,,,,,,,,,,,,,,,,,,,,,
,,,,,,,,,,,,,,,,,,,,,,,,,,
,,,,,,,,,,,,,,,,,,,,,,,,,,
,,,,,,,,,,,,,,,,,,,,,,,,,,
,,,,,,,,,,,,,,,,,,,,,,,,,,
,,,,,,,,,,,,,,,,,,,,,,,,,,
,,,,,,,,,,,,,,,,,,,,,,,,,,
,,,,,,,,,,,,,,,,,,,,,,,,,,
,,,,,,,,,,,,,,,,,,,,,,,,,,
,,,,,,,,,,,,,,,,,,,,,,,,,,
,,,,,,,,,,,,,,,,,,,,,,,,,,
,,,,,,,,,,,,,,,,,,,,,,,,,,
,,,,,,,,,,,,,,,,,,,,,,,,,,
,,,,,,,,,,,,,,,,,,,,,,,,,,
,,,,,,,,,,,,,,,,,,,,,,,,,,
,,,,,,,,,,,,,,,,,,,,,,,,,,
,,,,,,,,,,,,,,,,,,,,,,,,,,
,,,,,,,,,,,,,,,,,,,,,,,,,,
,,,,,,,,,,,,,,,,,,,,,,,,,,
,,,,,,,,,,,,,,,,,,,,,,,,,,
,,,,,,,,,,,,,,,,,,,,,,,,,,
,,,,,,,,,,,,,,,,,,,,,,,,,,
,,,,,,,,,,,,,,,,,,,,,,,,,,
,,,,,,,,,,,,,,,,,,,,,,,,,,
,,,,,,,,,,,,,,,,,,,,,,,,,,
,,,,,,,,,,,,,,,,,,,,,,,,,,
,,,,,,,,,,,,,,,,,,,,,,,,,,
,,,,,,,,,,,,,,,,,,,,,,,,,,
,,,,,,,,,,,,,,,,,,,,,,,,,,
,,,,,,,,,,,,,,,,,,,,,,,,,,
,,,,,,,,,,,,,,,,,,,,,,,,,,
,,,,,,,,,,,,,,,,,,,,,,,,,,
,,,,,,,,,,,,,,,,,,,,,,,,,,
,,,,,,,,,,,,,,,,,,,,,,,,,,
,,,,,,,,,,,,,,,,,,,,,,,,,,
,,,,,,,,,,,,,,,,,,,,,,,,,,
,,,,,,,,,,,,,,,,,,,,,,,,,,
,,,,,,,,,,,,,,,,,,,,,,,,,,
,,,,,,,,,,,,,,,,,,,,,,,,,,
,,,,,,,,,,,,,,,,,,,,,,,,,,
,,,,,,,,,,,,,,,,,,,,,,,,,,
,,,,,,,,,,,,,,,,,,,,,,,,,,
,,,,,,,,,,,,,,,,,,,,,,,,,,
,,,,,,,,,,,,,,,,,,,,,,,,,,
,,,,,,,,,,,,,,,,,,,,,,,,,,
,,,,,,,,,,,,,,,,,,,,,,,,,,
,,,,,,,,,,,,,,,,,,,,,,,,,,
,,,,,,,,,,,,,,,,,,,,,,,,,,
,,,,,,,,,,,,,,,,,,,,,,,,,,
,,,,,,,,,,,,,,,,,,,,,,,,,,
,,,,,,,,,,,,,,,,,,,,,,,,,,
,,,,,,,,,,,,,,,,,,,,,,,,,,
,,,,,,,,,,,,,,,,,,,,,,,,,,
,,,,,,,,,,,,,,,,,,,,,,,,,,
,,,,,,,,,,,,,,,,,,,,,,,,,,
,,,,,,,,,,,,,,,,,,,,,,,,,,
,,,,,,,,,,,,,,,,,,,,,,,,,,
,,,,,,,,,,,,,,,,,,,,,,,,,,
,,,,,,,,,,,,,,,,,,,,,,,,,,
,,,,,,,,,,,,,,,,,,,,,,,,,,
,,,,,,,,,,,,,,,,,,,,,,,,,,
,,,,,,,,,,,,,,,,,,,,,,,,,,
,,,,,,,,,,,,,,,,,,,,,,,,,,
,,,,,,,,,,,,,,,,,,,,,,,,,,
,,,,,,,,,,,,,,,,,,,,,,,,,,
,,,,,,,,,,,,,,,,,,,,,,,,,,
,,,,,,,,,,,,,,,,,,,,,,,,,,
,,,,,,,,,,,,,,,,,,,,,,,,,,
,,,,,,,,,,,,,,,,,,,,,,,,,,
,,,,,,,,,,,,,,,,,,,,,,,,,,
,,,,,,,,,,,,,,,,,,,,,,,,,,
,,,,,,,,,,,,,,,,,,,,,,,,,,
,,,,,,,,,,,,,,,,,,,,,,,,,,
,,,,,,,,,,,,,,,,,,,,,,,,,,
,,,,,,,,,,,,,,,,,,,,,,,,,,
,,,,,,,,,,,,,,,,,,,,,,,,,,
,,,,,,,,,,,,,,,,,,,,,,,,,,
,,,,,,,,,,,,,,,,,,,,,,,,,,
,,,,,,,,,,,,,,,,,,,,,,,,,,
,,,,,,,,,,,,,,,,,,,,,,,,,,
,,,,,,,,,,,,,,,,,,,,,,,,,,
,,,,,,,,,,,,,,,,,,,,,,,,,,
,,,,,,,,,,,,,,,,,,,,,,,,,,
,,,,,,,,,,,,,,,,,,,,,,,,,,
,,,,,,,,,,,,,,,,,,,,,,,,,,
,,,,,,,,,,,,,,,,,,,,,,,,,,
,,,,,,,,,,,,,,,,,,,,,,,,,,
,,,,,,,,,,,,,,,,,,,,,,,,,,
,,,,,,,,,,,,,,,,,,,,,,,,,,
,,,,,,,,,,,,,,,,,,,,,,,,,,
,,,,,,,,,,,,,,,,,,,,,,,,,,
,,,,,,,,,,,,,,,,,,,,,,,,,,
,,,,,,,,,,,,,,,,,,,,,,,,,,
,,,,,,,,,,,,,,,,,,,,,,,,,,
,,,,,,,,,,,,,,,,,,,,,,,,,,
,,,,,,,,,,,,,,,,,,,,,,,,,,
,,,,,,,,,,,,,,,,,,,,,,,,,,
,,,,,,,,,,,,,,,,,,,,,,,,,,
,,,,,,,,,,,,,,,,,,,,,,,,,,
,,,,,,,,,,,,,,,,,,,,,,,,,,
,,,,,,,,,,,,,,,,,,,,,,,,,,
,,,,,,,,,,,,,,,,,,,,,,,,,,
,,,,,,,,,,,,,,,,,,,,,,,,,,
,,,,,,,,,,,,,,,,,,,,,,,,,,
,,,,,,,,,,,,,,,,,,,,,,,,,,
,,,,,,,,,,,,,,,,,,,,,,,,,,
,,,,,,,,,,,,,,,,,,,,,,,,,,
,,,,,,,,,,,,,,,,,,,,,,,,,,
,,,,,,,,,,,,,,,,,,,,,,,,,,
,,,,,,,,,,,,,,,,,,,,,,,,,,
,,,,,,,,,,,,,,,,,,,,,,,,,,
,,,,,,,,,,,,,,,,,,,,,,,,,,
,,,,,,,,,,,,,,,,,,,,,,,,,,
,,,,,,,,,,,,,,,,,,,,,,,,,,
,,,,,,,,,,,,,,,,,,,,,,,,,,
,,,,,,,,,,,,,,,,,,,,,,,,,,
,,,,,,,,,,,,,,,,,,,,,,,,,,
,,,,,,,,,,,,,,,,,,,,,,,,,,
,,,,,,,,,,,,,,,,,,,,,,,,,,
,,,,,,,,,,,,,,,,,,,,,,,,,,
,,,,,,,,,,,,,,,,,,,,,,,,,,
,,,,,,,,,,,,,,,,,,,,,,,,,,
,,,,,,,,,,,,,,,,,,,,,,,,,,
,,,,,,,,,,,,,,,,,,,,,,,,,,
,,,,,,,,,,,,,,,,,,,,,,,,,,
,,,,,,,,,,,,,,,,,,,,,,,,,,
,,,,,,,,,,,,,,,,,,,,,,,,,,
,,,,,,,,,,,,,,,,,,,,,,,,,,
,,,,,,,,,,,,,,,,,,,,,,,,,,
,,,,,,,,,,,,,,,,,,,,,,,,,,
,,,,,,,,,,,,,,,,,,,,,,,,,,
,,,,,,,,,,,,,,,,,,,,,,,,,,
,,,,,,,,,,,,,,,,,,,,,,,,,,
,,,,,,,,,,,,,,,,,,,,,,,,,,
,,,,,,,,,,,,,,,,,,,,,,,,,,
,,,,,,,,,,,,,,,,,,,,,,,,,,
,,,,,,,,,,,,,,,,,,,,,,,,,,
,,,,,,,,,,,,,,,,,,,,,,,,,,
,,,,,,,,,,,,,,,,,,,,,,,,,,
,,,,,,,,,,,,,,,,,,,,,,,,,,
,,,,,,,,,,,,,,,,,,,,,,,,,,
,,,,,,,,,,,,,,,,,,,,,,,,,,
,,,,,,,,,,,,,,,,,,,,,,,,,,
,,,,,,,,,,,,,,,,,,,,,,,,,,
,,,,,,,,,,,,,,,,,,,,,,,,,,
,,,,,,,,,,,,,,,,,,,,,,,,,,
,,,,,,,,,,,,,,,,,,,,,,,,,,
,,,,,,,,,,,,,,,,,,,,,,,,,,
,,,,,,,,,,,,,,,,,,,,,,,,,,
,,,,,,,,,,,,,,,,,,,,,,,,,,
,,,,,,,,,,,,,,,,,,,,,,,,,,
,,,,,,,,,,,,,,,,,,,,,,,,,,
,,,,,,,,,,,,,,,,,,,,,,,,,,
,,,,,,,,,,,,,,,,,,,,,,,,,,
,,,,,,,,,,,,,,,,,,,,,,,,,,
,,,,,,,,,,,,,,,,,,,,,,,,,,
,,,,,,,,,,,,,,,,,,,,,,,,,,
,,,,,,,,,,,,,,,,,,,,,,,,,,
,,,,,,,,,,,,,,,,,,,,,,,,,,
,,,,,,,,,,,,,,,,,,,,,,,,,,
,,,,,,,,,,,,,,,,,,,,,,,,,,
,,,,,,,,,,,,,,,,,,,,,,,,,,
,,,,,,,,,,,,,,,,,,,,,,,,,,
,,,,,,,,,,,,,,,,,,,,,,,,,,
,,,,,,,,,,,,,,,,,,,,,,,,,,
,,,,,,,,,,,,,,,,,,,,,,,,,,
,,,,,,,,,,,,,,,,,,,,,,,,,,
,,,,,,,,,,,,,,,,,,,,,,,,,,
,,,,,,,,,,,,,,,,,,,,,,,,,,
,,,,,,,,,,,,,,,,,,,,,,,,,,
,,,,,,,,,,,,,,,,,,,,,,,,,,
,,,,,,,,,,,,,,,,,,,,,,,,,,
,,,,,,,,,,,,,,,,,,,,,,,,,,
,,,,,,,,,,,,,,,,,,,,,,,,,,
,,,,,,,,,,,,,,,,,,,,,,,,,,
,,,,,,,,,,,,,,,,,,,,,,,,,,
,,,,,,,,,,,,,,,,,,,,,,,,,,
,,,,,,,,,,,,,,,,,,,,,,,,,,
,,,,,,,,,,,,,,,,,,,,,,,,,,
,,,,,,,,,,,,,,,,,,,,,,,,,,
,,,,,,,,,,,,,,,,,,,,,,,,,,
,,,,,,,,,,,,,,,,,,,,,,,,,,
,,,,,,,,,,,,,,,,,,,,,,,,,,
,,,,,,,,,,,,,,,,,,,,,,,,,,
,,,,,,,,,,,,,,,,,,,,,,,,,,
,,,,,,,,,,,,,,,,,,,,,,,,,,
,,,,,,,,,,,,,,,,,,,,,,,,,,
,,,,,,,,,,,,,,,,,,,,,,,,,,
,,,,,,,,,,,,,,,,,,,,,,,,,,
,,,,,,,,,,,,,,,,,,,,,,,,,,
,,,,,,,,,,,,,,,,,,,,,,,,,,
,,,,,,,,,,,,,,,,,,,,,,,,,,
,,,,,,,,,,,,,,,,,,,,,,,,,,
,,,,,,,,,,,,,,,,,,,,,,,,,,
,,,,,,,,,,,,,,,,,,,,,,,,,,
,,,,,,,,,,,,,,,,,,,,,,,,,,
,,,,,,,,,,,,,,,,,,,,,,,,,,
,,,,,,,,,,,,,,,,,,,,,,,,,,
,,,,,,,,,,,,,,,,,,,,,,,,,,
,,,,,,,,,,,,,,,,,,,,,,,,,,
,,,,,,,,,,,,,,,,,,,,,,,,,,
,,,,,,,,,,,,,,,,,,,,,,,,,,
,,,,,,,,,,,,,,,,,,,,,,,,,,
,,,,,,,,,,,,,,,,,,,,,,,,,,
,,,,,,,,,,,,,,,,,,,,,,,,,,
,,,,,,,,,,,,,,,,,,,,,,,,,,
,,,,,,,,,,,,,,,,,,,,,,,,,,
,,,,,,,,,,,,,,,,,,,,,,,,,,
,,,,,,,,,,,,,,,,,,,,,,,,,,
,,,,,,,,,,,,,,,,,,,,,,,,,,
,,,,,,,,,,,,,,,,,,,,,,,,,,
,,,,,,,,,,,,,,,,,,,,,,,,,,
,,,,,,,,,,,,,,,,,,,,,,,,,,
,,,,,,,,,,,,,,,,,,,,,,,,,,
,,,,,,,,,,,,,,,,,,,,,,,,,,
,,,,,,,,,,,,,,,,,,,,,,,,,,
,,,,,,,,,,,,,,,,,,,,,,,,,,
,,,,,,,,,,,,,,,,,,,,,,,,,,
,,,,,,,,,,,,,,,,,,,,,,,,,,
,,,,,,,,,,,,,,,,,,,,,,,,,,
,,,,,,,,,,,,,,,,,,,,,,,,,,
,,,,,,,,,,,,,,,,,,,,,,,,,,
,,,,,,,,,,,,,,,,,,,,,,,,,,
,,,,,,,,,,,,,,,,,,,,,,,,,,
,,,,,,,,,,,,,,,,,,,,,,,,,,
,,,,,,,,,,,,,,,,,,,,,,,,,,
,,,,,,,,,,,,,,,,,,,,,,,,,,
,,,,,,,,,,,,,,,,,,,,,,,,,,
,,,,,,,,,,,,,,,,,,,,,,,,,,
,,,,,,,,,,,,,,,,,,,,,,,,,,
,,,,,,,,,,,,,,,,,,,,,,,,,,
,,,,,,,,,,,,,,,,,,,,,,,,,,
,,,,,,,,,,,,,,,,,,,,,,,,,,
,,,,,,,,,,,,,,,,,,,,,,,,,,
,,,,,,,,,,,,,,,,,,,,,,,,,,
,,,,,,,,,,,,,,,,,,,,,,,,,,
,,,,,,,,,,,,,,,,,,,,,,,,,,
,,,,,,,,,,,,,,,,,,,,,,,,,,
,,,,,,,,,,,,,,,,,,,,,,,,,,
,,,,,,,,,,,,,,,,,,,,,,,,,,
,,,,,,,,,,,,,,,,,,,,,,,,,,
,,,,,,,,,,,,,,,,,,,,,,,,,,
,,,,,,,,,,,,,,,,,,,,,,,,,,
,,,,,,,,,,,,,,,,,,,,,,,,,,
,,,,,,,,,,,,,,,,,,,,,,,,,,
,,,,,,,,,,,,,,,,,,,,,,,,,,
,,,,,,,,,,,,,,,,,,,,,,,,,,
,,,,,,,,,,,,,,,,,,,,,,,,,,
,,,,,,,,,,,,,,,,,,,,,,,,,,
,,,,,,,,,,,,,,,,,,,,,,,,,,
,,,,,,,,,,,,,,,,,,,,,,,,,,
,,,,,,,,,,,,,,,,,,,,,,,,,,
,,,,,,,,,,,,,,,,,,,,,,,,,,
,,,,,,,,,,,,,,,,,,,,,,,,,,
,,,,,,,,,,,,,,,,,,,,,,,,,,
,,,,,,,,,,,,,,,,,,,,,,,,,,
,,,,,,,,,,,,,,,,,,,,,,,,,,
,,,,,,,,,,,,,,,,,,,,,,,,,,
,,,,,,,,,,,,,,,,,,,,,,,,,,
,,,,,,,,,,,,,,,,,,,,,,,,,,
,,,,,,,,,,,,,,,,,,,,,,,,,,
,,,,,,,,,,,,,,,,,,,,,,,,,,
,,,,,,,,,,,,,,,,,,,,,,,,,,
,,,,,,,,,,,,,,,,,,,,,,,,,,
,,,,,,,,,,,,,,,,,,,,,,,,,,
,,,,,,,,,,,,,,,,,,,,,,,,,,
,,,,,,,,,,,,,,,,,,,,,,,,,,
,,,,,,,,,,,,,,,,,,,,,,,,,,
,,,,,,,,,,,,,,,,,,,,,,,,,,
,,,,,,,,,,,,,,,,,,,,,,,,,,
,,,,,,,,,,,,,,,,,,,,,,,,,,
,,,,,,,,,,,,,,,,,,,,,,,,,,
,,,,,,,,,,,,,,,,,,,,,,,,,,
,,,,,,,,,,,,,,,,,,,,,,,,,,
,,,,,,,,,,,,,,,,,,,,,,,,,,
,,,,,,,,,,,,,,,,,,,,,,,,,,
,,,,,,,,,,,,,,,,,,,,,,,,,,
,,,,,,,,,,,,,,,,,,,,,,,,,,
,,,,,,,,,,,,,,,,,,,,,,,,,,
,,,,,,,,,,,,,,,,,,,,,,,,,,
,,,,,,,,,,,,,,,,,,,,,,,,,,
,,,,,,,,,,,,,,,,,,,,,,,,,,
,,,,,,,,,,,,,,,,,,,,,,,,,,
,,,,,,,,,,,,,,,,,,,,,,,,,,
,,,,,,,,,,,,,,,,,,,,,,,,,,
,,,,,,,,,,,,,,,,,,,,,,,,,,
,,,,,,,,,,,,,,,,,,,,,,,,,,
,,,,,,,,,,,,,,,,,,,,,,,,,,
,,,,,,,,,,,,,,,,,,,,,,,,,,
,,,,,,,,,,,,,,,,,,,,,,,,,,
,,,,,,,,,,,,,,,,,,,,,,,,,,
,,,,,,,,,,,,,,,,,,,,,,,,,,
,,,,,,,,,,,,,,,,,,,,,,,,,,
,,,,,,,,,,,,,,,,,,,,,,,,,,
,,,,,,,,,,,,,,,,,,,,,,,,,,
,,,,,,,,,,,,,,,,,,,,,,,,,,
,,,,,,,,,,,,,,,,,,,,,,,,,,
,,,,,,,,,,,,,,,,,,,,,,,,,,
,,,,,,,,,,,,,,,,,,,,,,,,,,
,,,,,,,,,,,,,,,,,,,,,,,,,,
,,,,,,,,,,,,,,,,,,,,,,,,,,
,,,,,,,,,,,,,,,,,,,,,,,,,,
,,,,,,,,,,,,,,,,,,,,,,,,,,
,,,,,,,,,,,,,,,,,,,,,,,,,,
,,,,,,,,,,,,,,,,,,,,,,,,,,
,,,,,,,,,,,,,,,,,,,,,,,,,,
,,,,,,,,,,,,,,,,,,,,,,,,,,
,,,,,,,,,,,,,,,,,,,,,,,,,,
,,,,,,,,,,,,,,,,,,,,,,,,,,
,,,,,,,,,,,,,,,,,,,,,,,,,,
,,,,,,,,,,,,,,,,,,,,,,,,,,
,,,,,,,,,,,,,,,,,,,,,,,,,,
,,,,,,,,,,,,,,,,,,,,,,,,,,
,,,,,,,,,,,,,,,,,,,,,,,,,,
,,,,,,,,,,,,,,,,,,,,,,,,,,
,,,,,,,,,,,,,,,,,,,,,,,,,,
,,,,,,,,,,,,,,,,,,,,,,,,,,
,,,,,,,,,,,,,,,,,,,,,,,,,,
,,,,,,,,,,,,,,,,,,,,,,,,,,
,,,,,,,,,,,,,,,,,,,,,,,,,,
,,,,,,,,,,,,,,,,,,,,,,,,,,
,,,,,,,,,,,,,,,,,,,,,,,,,,
,,,,,,,,,,,,,,,,,,,,,,,,,,
,,,,,,,,,,,,,,,,,,,,,,,,,,
,,,,,,,,,,,,,,,,,,,,,,,,,,
,,,,,,,,,,,,,,,,,,,,,,,,,,
,,,,,,,,,,,,,,,,,,,,,,,,,,
,,,,,,,,,,,,,,,,,,,,,,,,,,
,,,,,,,,,,,,,,,,,,,,,,,,,,
,,,,,,,,,,,,,,,,,,,,,,,,,,
,,,,,,,,,,,,,,,,,,,,,,,,,,
,,,,,,,,,,,,,,,,,,,,,,,,,,
,,,,,,,,,,,,,,,,,,,,,,,,,,
,,,,,,,,,,,,,,,,,,,,,,,,,,
,,,,,,,,,,,,,,,,,,,,,,,,,,
,,,,,,,,,,,,,,,,,,,,,,,,,,
,,,,,,,,,,,,,,,,,,,,,,,,,,
,,,,,,,,,,,,,,,,,,,,,,,,,,
,,,,,,,,,,,,,,,,,,,,,,,,,,
,,,,,,,,,,,,,,,,,,,,,,,,,,
,,,,,,,,,,,,,,,,,,,,,,,,,,
,,,,,,,,,,,,,,,,,,,,,,,,,,
,,,,,,,,,,,,,,,,,,,,,,,,,,
,,,,,,,,,,,,,,,,,,,,,,,,,,
,,,,,,,,,,,,,,,,,,,,,,,,,,
,,,,,,,,,,,,,,,,,,,,,,,,,,
,,,,,,,,,,,,,,,,,,,,,,,,,,
,,,,,,,,,,,,,,,,,,,,,,,,,,
,,,,,,,,,,,,,,,,,,,,,,,,,,
,,,,,,,,,,,,,,,,,,,,,,,,,,
,,,,,,,,,,,,,,,,,,,,,,,,,,
,,,,,,,,,,,,,,,,,,,,,,,,,,
,,,,,,,,,,,,,,,,,,,,,,,,,,
,,,,,,,,,,,,,,,,,,,,,,,,,,
,,,,,,,,,,,,,,,,,,,,,,,,,,
,,,,,,,,,,,,,,,,,,,,,,,,,,
,,,,,,,,,,,,,,,,,,,,,,,,,,
,,,,,,,,,,,,,,,,,,,,,,,,,,
,,,,,,,,,,,,,,,,,,,,,,,,,,
,,,,,,,,,,,,,,,,,,,,,,,,,,
,,,,,,,,,,,,,,,,,,,,,,,,,,
,,,,,,,,,,,,,,,,,,,,,,,,,,
,,,,,,,,,,,,,,,,,,,,,,,,,,
,,,,,,,,,,,,,,,,,,,,,,,,,,
,,,,,,,,,,,,,,,,,,,,,,,,,,
,,,,,,,,,,,,,,,,,,,,,,,,,,
,,,,,,,,,,,,,,,,,,,,,,,,,,
,,,,,,,,,,,,,,,,,,,,,,,,,,
,,,,,,,,,,,,,,,,,,,,,,,,,,
,,,,,,,,,,,,,,,,,,,,,,,,,,
,,,,,,,,,,,,,,,,,,,,,,,,,,
,,,,,,,,,,,,,,,,,,,,,,,,,,
,,,,,,,,,,,,,,,,,,,,,,,,,,
,,,,,,,,,,,,,,,,,,,,,,,,,,
,,,,,,,,,,,,,,,,,,,,,,,,,,
,,,,,,,,,,,,,,,,,,,,,,,,,,
,,,,,,,,,,,,,,,,,,,,,,,,,,
,,,,,,,,,,,,,,,,,,,,,,,,,,
,,,,,,,,,,,,,,,,,,,,,,,,,,
,,,,,,,,,,,,,,,,,,,,,,,,,,
,,,,,,,,,,,,,,,,,,,,,,,,,,
,,,,,,,,,,,,,,,,,,,,,,,,,,
,,,,,,,,,,,,,,,,,,,,,,,,,,
,,,,,,,,,,,,,,,,,,,,,,,,,,
,,,,,,,,,,,,,,,,,,,,,,,,,,
,,,,,,,,,,,,,,,,,,,,,,,,,,
,,,,,,,,,,,,,,,,,,,,,,,,,,
,,,,,,,,,,,,,,,,,,,,,,,,,,
,,,,,,,,,,,,,,,,,,,,,,,,,,
,,,,,,,,,,,,,,,,,,,,,,,,,,
,,,,,,,,,,,,,,,,,,,,,,,,,,
,,,,,,,,,,,,,,,,,,,,,,,,,,
,,,,,,,,,,,,,,,,,,,,,,,,,,
,,,,,,,,,,,,,,,,,,,,,,,,,,
,,,,,,,,,,,,,,,,,,,,,,,,,,
,,,,,,,,,,,,,,,,,,,,,,,,,,
,,,,,,,,,,,,,,,,,,,,,,,,,,
,,,,,,,,,,,,,,,,,,,,,,,,,,
,,,,,,,,,,,,,,,,,,,,,,,,,,
,,,,,,,,,,,,,,,,,,,,,,,,,,
,,,,,,,,,,,,,,,,,,,,,,,,,,
,,,,,,,,,,,,,,,,,,,,,,,,,,
,,,,,,,,,,,,,,,,,,,,,,,,,,
,,,,,,,,,,,,,,,,,,,,,,,,,,
,,,,,,,,,,,,,,,,,,,,,,,,,,
,,,,,,,,,,,,,,,,,,,,,,,,,,
,,,,,,,,,,,,,,,,,,,,,,,,,,
,,,,,,,,,,,,,,,,,,,,,,,,,,
,,,,,,,,,,,,,,,,,,,,,,,,,,
,,,,,,,,,,,,,,,,,,,,,,,,,,
,,,,,,,,,,,,,,,,,,,,,,,,,,
,,,,,,,,,,,,,,,,,,,,,,,,,,
,,,,,,,,,,,,,,,,,,,,,,,,,,
,,,,,,,,,,,,,,,,,,,,,,,,,,
,,,,,,,,,,,,,,,,,,,,,,,,,,
,,,,,,,,,,,,,,,,,,,,,,,,,,
,,,,,,,,,,,,,,,,,,,,,,,,,,
,,,,,,,,,,,,,,,,,,,,,,,,,,
,,,,,,,,,,,,,,,,,,,,,,,,,,
,,,,,,,,,,,,,,,,,,,,,,,,,,
,,,,,,,,,,,,,,,,,,,,,,,,,,
,,,,,,,,,,,,,,,,,,,,,,,,,,
,,,,,,,,,,,,,,,,,,,,,,,,,,
,,,,,,,,,,,,,,,,,,,,,,,,,,
,,,,,,,,,,,,,,,,,,,,,,,,,,
,,,,,,,,,,,,,,,,,,,,,,,,,,
,,,,,,,,,,,,,,,,,,,,,,,,,,
,,,,,,,,,,,,,,,,,,,,,,,,,,
,,,,,,,,,,,,,,,,,,,,,,,,,,
,,,,,,,,,,,,,,,,,,,,,,,,,,
,,,,,,,,,,,,,,,,,,,,,,,,,,
,,,,,,,,,,,,,,,,,,,,,,,,,,
,,,,,,,,,,,,,,,,,,,,,,,,,,
,,,,,,,,,,,,,,,,,,,,,,,,,,
,,,,,,,,,,,,,,,,,,,,,,,,,,
,,,,,,,,,,,,,,,,,,,,,,,,,,
,,,,,,,,,,,,,,,,,,,,,,,,,,
,,,,,,,,,,,,,,,,,,,,,,,,,,
,,,,,,,,,,,,,,,,,,,,,,,,,,
,,,,,,,,,,,,,,,,,,,,,,,,,,
,,,,,,,,,,,,,,,,,,,,,,,,,,
,,,,,,,,,,,,,,,,,,,,,,,,,,
,,,,,,,,,,,,,,,,,,,,,,,,,,
,,,,,,,,,,,,,,,,,,,,,,,,,,
,,,,,,,,,,,,,,,,,,,,,,,,,,
,,,,,,,,,,,,,,,,,,,,,,,,,,
,,,,,,,,,,,,,,,,,,,,,,,,,,
,,,,,,,,,,,,,,,,,,,,,,,,,,
,,,,,,,,,,,,,,,,,,,,,,,,,,
,,,,,,,,,,,,,,,,,,,,,,,,,,
,,,,,,,,,,,,,,,,,,,,,,,,,,
,,,,,,,,,,,,,,,,,,,,,,,,,,
,,,,,,,,,,,,,,,,,,,,,,,,,,
,,,,,,,,,,,,,,,,,,,,,,,,,,
,,,,,,,,,,,,,,,,,,,,,,,,,,
,,,,,,,,,,,,,,,,,,,,,,,,,,
,,,,,,,,,,,,,,,,,,,,,,,,,,
,,,,,,,,,,,,,,,,,,,,,,,,,,
,,,,,,,,,,,,,,,,,,,,,,,,,,
,,,,,,,,,,,,,,,,,,,,,,,,,,
,,,,,,,,,,,,,,,,,,,,,,,,,,
,,,,,,,,,,,,,,,,,,,,,,,,,,
,,,,,,,,,,,,,,,,,,,,,,,,,,
,,,,,,,,,,,,,,,,,,,,,,,,,,
,,,,,,,,,,,,,,,,,,,,,,,,,,
,,,,,,,,,,,,,,,,,,,,,,,,,,
,,,,,,,,,,,,,,,,,,,,,,,,,,
,,,,,,,,,,,,,,,,,,,,,,,,,,
,,,,,,,,,,,,,,,,,,,,,,,,,,
,,,,,,,,,,,,,,,,,,,,,,,,,,
,,,,,,,,,,,,,,,,,,,,,,,,,,
,,,,,,,,,,,,,,,,,,,,,,,,,,
,,,,,,,,,,,,,,,,,,,,,,,,,,
,,,,,,,,,,,,,,,,,,,,,,,,,,
,,,,,,,,,,,,,,,,,,,,,,,,,,
,,,,,,,,,,,,,,,,,,,,,,,,,,
,,,,,,,,,,,,,,,,,,,,,,,,,,
,,,,,,,,,,,,,,,,,,,,,,,,,,
,,,,,,,,,,,,,,,,,,,,,,,,,,
,,,,,,,,,,,,,,,,,,,,,,,,,,
,,,,,,,,,,,,,,,,,,,,,,,,,,
,,,,,,,,,,,,,,,,,,,,,,,,,,
,,,,,,,,,,,,,,,,,,,,,,,,,,
,,,,,,,,,,,,,,,,,,,,,,,,,,
,,,,,,,,,,,,,,,,,,,,,,,,,,
,,,,,,,,,,,,,,,,,,,,,,,,,,
,,,,,,,,,,,,,,,,,,,,,,,,,,
,,,,,,,,,,,,,,,,,,,,,,,,,,
,,,,,,,,,,,,,,,,,,,,,,,,,,
,,,,,,,,,,,,,,,,,,,,,,,,,,
,,,,,,,,,,,,,,,,,,,,,,,,,,
,,,,,,,,,,,,,,,,,,,,,,,,,,
,,,,,,,,,,,,,,,,,,,,,,,,,,
,,,,,,,,,,,,,,,,,,,,,,,,,,
,,,,,,,,,,,,,,,,,,,,,,,,,,
,,,,,,,,,,,,,,,,,,,,,,,,,,
,,,,,,,,,,,,,,,,,,,,,,,,,,
,,,,,,,,,,,,,,,,,,,,,,,,,,
,,,,,,,,,,,,,,,,,,,,,,,,,,
,,,,,,,,,,,,,,,,,,,,,,,,,,
,,,,,,,,,,,,,,,,,,,,,,,,,,
,,,,,,,,,,,,,,,,,,,,,,,,,,
,,,,,,,,,,,,,,,,,,,,,,,,,,
,,,,,,,,,,,,,,,,,,,,,,,,,,
,,,,,,,,,,,,,,,,,,,,,,,,,,
,,,,,,,,,,,,,,,,,,,,,,,,,,
,,,,,,,,,,,,,,,,,,,,,,,,,,
,,,,,,,,,,,,,,,,,,,,,,,,,,
,,,,,,,,,,,,,,,,,,,,,,,,,,
,,,,,,,,,,,,,,,,,,,,,,,,,,
,,,,,,,,,,,,,,,,,,,,,,,,,,
,,,,,,,,,,,,,,,,,,,,,,,,,,
,,,,,,,,,,,,,,,,,,,,,,,,,,
,,,,,,,,,,,,,,,,,,,,,,,,,,
,,,,,,,,,,,,,,,,,,,,,,,,,,
,,,,,,,,,,,,,,,,,,,,,,,,,,
,,,,,,,,,,,,,,,,,,,,,,,,,,
,,,,,,,,,,,,,,,,,,,,,,,,,,
,,,,,,,,,,,,,,,,,,,,,,,,,,
,,,,,,,,,,,,,,,,,,,,,,,,,,
,,,,,,,,,,,,,,,,,,,,,,,,,,
,,,,,,,,,,,,,,,,,,,,,,,,,,
,,,,,,,,,,,,,,,,,,,,,,,,,,
,,,,,,,,,,,,,,,,,,,,,,,,,,
,,,,,,,,,,,,,,,,,,,,,,,,,,
,,,,,,,,,,,,,,,,,,,,,,,,,,
,,,,,,,,,,,,,,,,,,,,,,,,,,
,,,,,,,,,,,,,,,,,,,,,,,,,,
,,,,,,,,,,,,,,,,,,,,,,,,,,
,,,,,,,,,,,,,,,,,,,,,,,,,,
,,,,,,,,,,,,,,,,,,,,,,,,,,
,,,,,,,,,,,,,,,,,,,,,,,,,,
,,,,,,,,,,,,,,,,,,,,,,,,,,
,,,,,,,,,,,,,,,,,,,,,,,,,,
,,,,,,,,,,,,,,,,,,,,,,,,,,
,,,,,,,,,,,,,,,,,,,,,,,,,,
,,,,,,,,,,,,,,,,,,,,,,,,,,
,,,,,,,,,,,,,,,,,,,,,,,,,,
,,,,,,,,,,,,,,,,,,,,,,,,,,
,,,,,,,,,,,,,,,,,,,,,,,,,,
,,,,,,,,,,,,,,,,,,,,,,,,,,
,,,,,,,,,,,,,,,,,,,,,,,,,,
,,,,,,,,,,,,,,,,,,,,,,,,,,
,,,,,,,,,,,,,,,,,,,,,,,,,,
,,,,,,,,,,,,,,,,,,,,,,,,,,
,,,,,,,,,,,,,,,,,,,,,,,,,,
,,,,,,,,,,,,,,,,,,,,,,,,,,
,,,,,,,,,,,,,,,,,,,,,,,,,,
,,,,,,,,,,,,,,,,,,,,,,,,,,
,,,,,,,,,,,,,,,,,,,,,,,,,,
,,,,,,,,,,,,,,,,,,,,,,,,,,
,,,,,,,,,,,,,,,,,,,,,,,,,,
,,,,,,,,,,,,,,,,,,,,,,,,,,
,,,,,,,,,,,,,,,,,,,,,,,,,,
,,,,,,,,,,,,,,,,,,,,,,,,,,
,,,,,,,,,,,,,,,,,,,,,,,,,,
,,,,,,,,,,,,,,,,,,,,,,,,,,
,,,,,,,,,,,,,,,,,,,,,,,,,,
,,,,,,,,,,,,,,,,,,,,,,,,,,
,,,,,,,,,,,,,,,,,,,,,,,,,,
,,,,,,,,,,,,,,,,,,,,,,,,,,
,,,,,,,,,,,,,,,,,,,,,,,,,,
,,,,,,,,,,,,,,,,,,,,,,,,,,
,,,,,,,,,,,,,,,,,,,,,,,,,,
,,,,,,,,,,,,,,,,,,,,,,,,,,
,,,,,,,,,,,,,,,,,,,,,,,,,,
,,,,,,,,,,,,,,,,,,,,,,,,,,
,,,,,,,,,,,,,,,,,,,,,,,,,,
,,,,,,,,,,,,,,,,,,,,,,,,,,
,,,,,,,,,,,,,,,,,,,,,,,,,,
,,,,,,,,,,,,,,,,,,,,,,,,,,
,,,,,,,,,,,,,,,,,,,,,,,,,,
,,,,,,,,,,,,,,,,,,,,,,,,,,
,,,,,,,,,,,,,,,,,,,,,,,,,,
,,,,,,,,,,,,,,,,,,,,,,,,,,
,,,,,,,,,,,,,,,,,,,,,,,,,,
,,,,,,,,,,,,,,,,,,,,,,,,,,
,,,,,,,,,,,,,,,,,,,,,,,,,,
,,,,,,,,,,,,,,,,,,,,,,,,,,
,,,,,,,,,,,,,,,,,,,,,,,,,,
,,,,,,,,,,,,,,,,,,,,,,,,,,
,,,,,,,,,,,,,,,,,,,,,,,,,,
,,,,,,,,,,,,,,,,,,,,,,,,,,
,,,,,,,,,,,,,,,,,,,,,,,,,,
,,,,,,,,,,,,,,,,,,,,,,,,,,
,,,,,,,,,,,,,,,,,,,,,,,,,,
,,,,,,,,,,,,,,,,,,,,,,,,,,
,,,,,,,,,,,,,,,,,,,,,,,,,,
,,,,,,,,,,,,,,,,,,,,,,,,,,
,,,,,,,,,,,,,,,,,,,,,,,,,,
,,,,,,,,,,,,,,,,,,,,,,,,,,
,,,,,,,,,,,,,,,,,,,,,,,,,,
,,,,,,,,,,,,,,,,,,,,,,,,,,
,,,,,,,,,,,,,,,,,,,,,,,,,,
,,,,,,,,,,,,,,,,,,,,,,,,,,
,,,,,,,,,,,,,,,,,,,,,,,,,,
,,,,,,,,,,,,,,,,,,,,,,,,,,
,,,,,,,,,,,,,,,,,,,,,,,,,,
,,,,,,,,,,,,,,,,,,,,,,,,,,
,,,,,,,,,,,,,,,,,,,,,,,,,,
,,,,,,,,,,,,,,,,,,,,,,,,,,
,,,,,,,,,,,,,,,,,,,,,,,,,,
,,,,,,,,,,,,,,,,,,,,,,,,,,
,,,,,,,,,,,,,,,,,,,,,,,,,,
,,,,,,,,,,,,,,,,,,,,,,,,,,
,,,,,,,,,,,,,,,,,,,,,,,,,,
,,,,,,,,,,,,,,,,,,,,,,,,,,
,,,,,,,,,,,,,,,,,,,,,,,,,,
,,,,,,,,,,,,,,,,,,,,,,,,,,
,,,,,,,,,,,,,,,,,,,,,,,,,,
,,,,,,,,,,,,,,,,,,,,,,,,,,
,,,,,,,,,,,,,,,,,,,,,,,,,,
,,,,,,,,,,,,,,,,,,,,,,,,,,
,,,,,,,,,,,,,,,,,,,,,,,,,,
,,,,,,,,,,,,,,,,,,,,,,,,,,
,,,,,,,,,,,,,,,,,,,,,,,,,,
,,,,,,,,,,,,,,,,,,,,,,,,,,
,,,,,,,,,,,,,,,,,,,,,,,,,,
,,,,,,,,,,,,,,,,,,,,,,,,,,
,,,,,,,,,,,,,,,,,,,,,,,,,,
,,,,,,,,,,,,,,,,,,,,,,,,,,
,,,,,,,,,,,,,,,,,,,,,,,,,,
,,,,,,,,,,,,,,,,,,,,,,,,,,
,,,,,,,,,,,,,,,,,,,,,,,,,,
,,,,,,,,,,,,,,,,,,,,,,,,,,
,,,,,,,,,,,,,,,,,,,,,,,,,,
,,,,,,,,,,,,,,,,,,,,,,,,,,
,,,,,,,,,,,,,,,,,,,,,,,,,,
,,,,,,,,,,,,,,,,,,,,,,,,,,
,,,,,,,,,,,,,,,,,,,,,,,,,,
,,,,,,,,,,,,,,,,,,,,,,,,,,
,,,,,,,,,,,,,,,,,,,,,,,,,,
,,,,,,,,,,,,,,,,,,,,,,,,,,
,,,,,,,,,,,,,,,,,,,,,,,,,,
,,,,,,,,,,,,,,,,,,,,,,,,,,
,,,,,,,,,,,,,,,,,,,,,,,,,,
,,,,,,,,,,,,,,,,,,,,,,,,,,
,,,,,,,,,,,,,,,,,,,,,,,,,,
,,,,,,,,,,,,,,,,,,,,,,,,,,
,,,,,,,,,,,,,,,,,,,,,,,,,,
,,,,,,,,,,,,,,,,,,,,,,,,,,
,,,,,,,,,,,,,,,,,,,,,,,,,,
,,,,,,,,,,,,,,,,,,,,,,,,,,
,,,,,,,,,,,,,,,,,,,,,,,,,,
,,,,,,,,,,,,,,,,,,,,,,,,,,
,,,,,,,,,,,,,,,,,,,,,,,,,,
,,,,,,,,,,,,,,,,,,,,,,,,,,
,,,,,,,,,,,,,,,,,,,,,,,,,,
,,,,,,,,,,,,,,,,,,,,,,,,,,
,,,,,,,,,,,,,,,,,,,,,,,,,,
,,,,,,,,,,,,,,,,,,,,,,,,,,
,,,,,,,,,,,,,,,,,,,,,,,,,,
,,,,,,,,,,,,,,,,,,,,,,,,,,
,,,,,,,,,,,,,,,,,,,,,,,,,,
,,,,,,,,,,,,,,,,,,,,,,,,,,
,,,,,,,,,,,,,,,,,,,,,,,,,,
,,,,,,,,,,,,,,,,,,,,,,,,,,
,,,,,,,,,,,,,,,,,,,,,,,,,,
,,,,,,,,,,,,,,,,,,,,,,,,,,
,,,,,,,,,,,,,,,,,,,,,,,,,,