,Facebook Links,Instagram Links,Top Car Channels,Top Car Twitter Handles
0,https://www.facebook.com/motortrend,http://instagram.com/motortrend,https://www.youtube.com/user/MotorTrend/videos,https://twitter.com/MotorTrend
1,https://www.facebook.com/topgear,,https://www.youtube.com/user/TopGear/videos,https://twitter.com/BBC_TopGear
2,http://facebook.com/mightycarmods,,https://www.youtube.com/user/mightycarmods/videos,https://twitter.com/mightycarmods
3,https://www.facebook.com/chrisfix8,,https://www.youtube.com/user/PaintballOO7/videos,
4,http://www.facebook.com/jaylenosgarage,https://instagram.com/jaylenosgarage/,https://www.youtube.com/user/JayLenosGarage/videos,https://twitter.com/lenosgarage?lang=en
5,https://www.facebook.com/TheDrive,https://www.instagram.com/drive_tv/,https://www.youtube.com/user/drive/videos,https://twitter.com/thedrive?lang=en
6,,,https://www.youtube.com/user/1320video/videos,https://twitter.com/1320video?lang=en
7,http://facebook.com/adam.lz.1,http://instagram.com/LZBMX/,https://www.youtube.com/user/LZBMX/videos,https://twitter.com/Adam_LZ?ref_src=twsrc%5Egoogle%7Ctwcamp%5Eserp%7Ctwgr%5Eauthor
8,,,https://www.youtube.com/user/CarThrottle/videos,https://twitter.com/carthrottle?lang=en
9,http://www.facebook.com/ford,http://instagram.com/ford,https://www.youtube.com/user/Ford/videos,https://twitter.com/Ford?ref_src=twsrc%5Egoogle%7Ctwcamp%5Eserp%7Ctwgr%5Eauthor
10,http://www.facebook.com/thehoonigans,http://www.instagram.com/thehoonigans,https://www.youtube.com/user/TheHoonigans/videos,https://twitter.com/TheHoonigans
11,http://www.facebook.com/pages/saabkyle04/315743567772,http://instagram.com/saabkyle04llc/,https://www.youtube.com/user/saabkyle04/videos,https://twitter.com/Saabkyle04LLC
12,http://www.facebook.com/Shmee150,http://www.instagram.com/Shmee150,https://www.youtube.com/user/Shmee150/videos,https://twitter.com/Shmee150
13,https://www.facebook.com/vehiclevirgins,http://instagram.com/vehiclevirgins,https://www.youtube.com/user/VehicleVirgins/videos,https://twitter.com/vehicle_virgins?lang=en
14,http://facebook.com/yiannimize,http://instagram.com/yiannimize,https://www.youtube.com/user/yrefined/videos,https://twitter.com/yiannimize
15,https://www.facebook.com/EricTheCarGuy,http://instagram.com/ericthecarguy,https://www.youtube.com/user/EricTheCarGuy/videos,https://twitter.com/EricTheCarGuy
16,,,https://www.youtube.com/channel/UCsqjHFMB_JYTaEnf_vmTNqg/videos,https://twitter.com/DougDeMuro
17,https://www.facebook.com/Salomondrin777/,https://instagram.com/salomondrin,https://www.youtube.com/user/asalomondrin/videos,https://twitter.com/salomondrin?lang=en
18,https://www.facebook.com/tj.hunt.39,http://instagram.com/tjhunt_,https://www.youtube.com/user/ironmenfan1/videos,https://twitter.com/tjhunt_?lang=en
19,,http://instagram.com/thatdudeinblue,https://www.youtube.com/user/ThatDudeinBlue/videos,https://twitter.com/thatdudeinblue
20,http://www.facebook.com/thesmokingtire,http://www.instagram.com/thesmokingtire,https://www.youtube.com/user/TheSmokingTire/videos,https://twitter.com/TheSmokingTire
21,https://www.facebook.com/JRGarageYouTube,https://www.instagram.com/jrgarageyoutube/,https://www.youtube.com/channel/UCeTagg7gemi1jhFKhY6gcNw/videos,
22,,,https://www.youtube.com/user/YouCarPress/videos,
23,http://www.facebook.com/StradmanPhotography,http://www.instagram.com/thestradman,https://www.youtube.com/user/TheStradman/videos,https://twitter.com/hashtag/thestradman?lang=en
24,http://www.facebook.com/pages/Supercarsoflondon/168424916549680?sk=wall,http://www.instagram.com/supercarsoflondon,https://www.youtube.com/user/supercarsoflondon/videos,https://twitter.com/SupercarsofLDN
25,http://www.facebook.com/GumbalTV,,https://www.youtube.com/user/Gumbal/videos,
26,http://facebook.com/caranddriver,,https://www.youtube.com/user/CARandDRIVER/videos,https://twitter.com/CARandDRIVER
27,https://www.facebook.com/tflcar,,https://www.youtube.com/user/romanmicagearguy/videos,
28,,,https://www.youtube.com/channel/UCa9MHqAoA-8KeNm8pgShRaw/videos,https://twitter.com/streetspe3d717?lang=en
29,https://www.facebook.com/autocarofficial/,https://www.instagram.com/autocar_official/,https://www.youtube.com/user/autocar/videos,https://twitter.com/autocar?ref_src=twsrc%5Egoogle%7Ctwcamp%5Eserp%7Ctwgr%5Eauthor
30,,,https://www.youtube.com/user/bhsupercars/videos,https://twitter.com/bhsupercars?lang=en
31,http://www.facebook.com/petrolicious,http://instagram.com/petrolicious,https://www.youtube.com/user/PetroliciousCo/videos,
32,https://www.facebook.com/evomagazine,,https://www.youtube.com/user/EVOTV/videos,
33,,,https://www.youtube.com/channel/UCUhFaUpnq31m6TNX2VKVSVA/videos,https://twitter.com/carwowuk
34,http://facebook.com/Lamborghini,http://instagram.com/Lamborghini,https://www.youtube.com/user/Lamborghini/videos,https://twitter.com/Lamborghini
35,https://www.facebook.com/Carfection,https://instagram.com/carfectionfilms,https://www.youtube.com/user/XCARFilms/videos,
36,,,https://www.youtube.com/user/CrazyWorld4721/videos,
37,http://www.facebook.com/porsche,https://instagram.com/Porsche/,https://www.youtube.com/user/Porsche/videos,https://twitter.com/Porsche
38,,,https://www.youtube.com/user/RegularCars/videos,https://twitter.com/regularcars
39,https://www.facebook.com/CarBuyerUK,,https://www.youtube.com/user/carbuyer/videos,https://twitter.com/CarbuyerUK
40,https://www.facebook.com/MarchettinoYouTube,http://instagram.com/marchettino,https://www.youtube.com/user/marchettino/videos,https://twitter.com/marchettinoyt?lang=en
41,https://www.facebook.com/pages/Autotopnl/142072269184493,https://instagram.com/autotopnl/,https://www.youtube.com/user/AutoTopnl/videos,https://twitter.com/autotopnl?lang=en
42,http://www.facebook.com/AutoExpress,https://www.instagram.com/autoexpressmagazine/,https://www.youtube.com/user/Autoexpress/videos,https://twitter.com/AutoExpress
43,http://facebook.com/robertdahm,http://instagram.com/robdahm#,https://www.youtube.com/user/emerciv/videos,https://twitter.com/robdahm
44,,,https://www.youtube.com/user/ferrariworld/videos,https://twitter.com/FerrariWorldAD
45,https://www.facebook.com/pages/Winding-Road/18921012131,,https://www.youtube.com/user/windingroadmagazine/videos,https://twitter.com/windingroadmag?lang=en
46,http://www.facebook.com/automototube,,https://www.youtube.com/user/AutoMotoTube/videos,https://twitter.com/automototube?lang=en
47,http://www.facebook.com/2Redline,http://instagram.com/redline_reviews,https://www.youtube.com/user/2theRedlineLLC/videos,
48,https://www.facebook.com/pages/NM2255/258205730865220,https://www.instagram.com/nicknm2255/,https://www.youtube.com/user/NM2255/videos,https://twitter.com/nm2255?lang=en
49,https://www.facebook.com/mattmaranmotoring,https://www.instagram.com/mattmaranmotoring,https://www.youtube.com/user/subaruwrxfan/videos,
50,https://www.facebook.com/seenthroughglass,http://instagram.com/seenthroughglass,https://www.youtube.com/user/seenthroughglass/videos,https://twitter.com/SeenThruGlass
51,https://www.facebook.com/mrjww,https://instagram.com/mrjww/,https://www.youtube.com/channel/UCK_zuVq6ZpSRMjsZ5JRPx5g/videos,https://twitter.com/mrjww?lang=en
52,https://facebook.com/honda,http://instagram.com/honda,https://www.youtube.com/user/Honda/videos,https://twitter.com/Honda
53,,,https://www.youtube.com/channel/UC8LsMvKJ-l8a8nASFsuH4Ww/videos,https://twitter.com/boostedboiz?lang=en
54,http://www.facebook.com/AutoGuide,,https://www.youtube.com/user/AutoguideVideo/videos,
55,,http://instagram.com/taylordrifts,https://www.youtube.com/channel/UCNqf6cy5TLNeBV5cF3yKY8A/videos,https://twitter.com/taylordrifts?lang=en
56,,,https://www.youtube.com/channel/UCB6003YOIDVODeqML0DHLxg/videos,https://twitter.com/ricermiata12?lang=en
57,,http://instagram.com/gtboard,https://www.youtube.com/user/m5boarddotcom/videos,https://twitter.com/gtboard?lang=en
58,http://www.facebook.com,http://instagram.com/toyotausa,https://www.youtube.com/user/ToyotaUSA/videos,https://twitter.com/Toyota
59,,,https://www.youtube.com/channel/UC6CB09S7BDcmplfZ_1j02qA/videos,
60,,,https://www.youtube.com/user/autogefuehl/videos,https://twitter.com/autogefuehl?lang=en
61,https://www.facebook.com/pages/Daily-Driven-Exotic-Cars/345079678933541,http://instagram.com/dailydrivenexotics#,https://www.youtube.com/user/DailyDrivenExotics/videos,https://twitter.com/ddedamon?lang=en
62,http://www.facebook.com/hotrodmag,http://instagram.com/hotrodmagazine#,https://www.youtube.com/user/HotRodMagazine/videos,https://twitter.com/hotrodmagazine
63,https://www.facebook.com/subaruofamerica,http://instagram.com/subaru_usa,https://www.youtube.com/user/Subaru/videos,https://twitter.com/subaru_usa
64,https://www.facebook.com/jalopnik/,,https://www.youtube.com/channel/UCbS8lAzGFBRyHYC8ibwcyyQ/videos,https://twitter.com/Jalopnik
65,,,https://www.youtube.com/user/hiend0225/videos,
66,http://www.facebook.com/alaatin61,http://www.instagram.com/alaatin61_,https://www.youtube.com/user/Alaatin61/videos,https://twitter.com/alaatin61
67,https://www.facebook.com/AutomannTV,https://instagram.com/automanntv,https://www.youtube.com/user/MrPerlenPaula/videos,
68,http://www.facebook.com/bugatti,https://instagram.com/bugatti/,https://www.youtube.com/user/BugattiSocial/videos,
69,http://facebook.com/alexonautos,,https://www.youtube.com/user/TTACVideo/videos,
70,https://www.facebook.com/BMWUSA,http://instagram.com/bmwusa,https://www.youtube.com/user/BMWUSA/videos,https://twitter.com/bmwusa?lang=en
71,https://www.facebook.com/sebdelanney?ref=hl,http://instagram.com/sebdelanney,https://www.youtube.com/user/SebDelanney/videos,https://twitter.com/seb_delanney?lang=en
72,https://www.facebook.com/MONKYLONDON/,http://instagram.com/monkylondon,https://www.youtube.com/user/MonkyLondon/videos,https://twitter.com/monkylondon?lang=en
73,,,https://www.youtube.com/channel/UCgftqli08scDMyWL5aVjwZg/videos,
74,https://www.facebook.com/autotraderuk,https://www.Instagram.com/autotraderuk#,https://www.youtube.com/user/autotraderuk/videos,https://twitter.com/AutoTrader_UK
75,http://www.facebook.com/bigkleib34,http://www.instagram.com/bigkleib34,https://www.youtube.com/user/BigKleib34/videos,https://twitter.com/bigkleib34?lang=en
76,http://www.facebook.com/EverymanDriver,https://www.instagram.com/everymandriver/,https://www.youtube.com/user/everymandriver/videos,https://twitter.com/everymandriver?lang=en
77,https://www.facebook.com/archiehamiltonracingcom/,http://www.instagram.com/archiehamiltonracing,https://www.youtube.com/channel/UC2CMXqVmLsmHU4bsaA8Eu0g/videos,https://twitter.com/archiehamiltonr?lang=en
78,,,https://www.youtube.com/channel/UCFfFgeKVVhjXtQSXRj3e-Iw/videos,
79,http://www.facebook.com/nismo,http://instagram.com/nismo,https://www.youtube.com/user/nismotv2013/videos,
80,,https://www.instagram.com/official_rohityadav/,https://www.youtube.com/channel/UCHAeqYA43JwC2MQ0BbEEmPw/videos,
81,http://www.facebook.com/Gommeblog,https://www.instagram.com/gommeblog/,https://www.youtube.com/user/GommeBlog/videos,https://twitter.com/gommeblog?lang=en
82,https://www.facebook.com/landrover?ref=hl,http://instagram.com/landrover,https://www.youtube.com/user/landrover/videos,https://twitter.com/LandRover
83,,,https://www.youtube.com/user/KoenigseggSweden/videos,
84,https://www.facebook.com/testdrivenuk,,https://www.youtube.com/user/TestDrivenUK/videos,https://twitter.com/testdrivenuk?lang=en
85,https://www.facebook.com/autobytel,,https://www.youtube.com/user/autobytel/videos,https://twitter.com/Autobytel
86,http://www.facebook.com/carsdotcom,,https://www.youtube.com/user/Carscom/videos,https://twitter.com/carsdotcom
87,https://www.facebook.com/kiwinicktube,http://instagram.com/droppedbaby1,https://www.youtube.com/user/nickmurray22/videos,https://twitter.com/nickmurray22
88,https://www.facebook.com/pages/Obsessed-Garage/534062626731659?fref=ts,https://instagram.com/obsessedgarage,https://www.youtube.com/user/MattMoreman/videos,https://twitter.com/obsessed_garage?lang=en
89,https://www.facebook.com/troysowersofficial/,https://instagram.com/troysowers,https://www.youtube.com/user/Trizzle126/videos,https://twitter.com/trizzle126
90,http://www.facebook.com/mclarenautomotive,http://instagram.com/mclarenauto,https://www.youtube.com/user/McLarenAutomotiveTV/videos,
91,http://www.facebook.com/astonmartin,https://instagram.com/astonmartinlagonda/,https://www.youtube.com/user/AstonMartin/videos,https://twitter.com/astonmartin
92,,,https://www.youtube.com/channel/UCtAGzm9e_liY7ko1PBhzTHA/videos,
93,https://www.facebook.com/whatcar/,https://www.instagram.com/whatcar_official/,https://www.youtube.com/user/whatcar/videos,https://twitter.com/whatcar
94,https://facebook.com/profile.php?id=934299076601572&refid=46&sld=eyJzZWFyY2hfc2lkIjoiYmMyOTAxZTg1YTIxYjU0ZTZhMTVmMGJlZTVlNjI4N2EifQ%3D%3D,https://www.instagram.com/savagegeese_,https://www.youtube.com/user/savagegeese/videos,
95,https://www.facebook.com/pages/Option-Auto/376132156066,,https://www.youtube.com/user/OptionAuto/videos,https://twitter.com/optionauto?lang=en
96,,,https://www.youtube.com/user/hondaproJason/videos,https://twitter.com/hondaprojason
97,https://www.facebook.com/RoadshowAutos/,https://instagram.com/roadshowautos,https://www.youtube.com/channel/UC4Llz_FxdMEU0iWO4aG_Xjg/videos,https://twitter.com/roadshow
98,,,https://www.youtube.com/user/Jamiebdub/videos,https://twitter.com/jamiedub
99,https://www.facebook.com/scottbmwsmith/?ref=hl,https://www.instagram.com/scott_bmw_smith/?hl=en,https://www.youtube.com/user/scottylsmith/videos,https://twitter.com/ScottyWardSmith
100,http://www.facebook.com/Jaguar,http://instagram.com/jaguar,https://www.youtube.com/user/JaguarCarsLimited/videos,https://twitter.com/jaguar