Top Car Channels,Top Car Twitter Handles
https://www.youtube.com/user/MotorTrend/videos,https://twitter.com/MotorTrend
https://www.youtube.com/user/TopGear/videos,https://twitter.com/BBC_TopGear
https://www.youtube.com/user/mightycarmods/videos,https://twitter.com/mightycarmods
https://www.youtube.com/user/PaintballOO7/videos,
https://www.youtube.com/user/JayLenosGarage/videos,https://twitter.com/lenosgarage?lang=en
https://www.youtube.com/user/drive/videos,https://twitter.com/thedrive?lang=en
https://www.youtube.com/user/1320video/videos,https://twitter.com/1320video?lang=en
https://www.youtube.com/user/LZBMX/videos,https://twitter.com/Adam_LZ?ref_src=twsrc%5Egoogle%7Ctwcamp%5Eserp%7Ctwgr%5Eauthor
https://www.youtube.com/user/CarThrottle/videos,https://twitter.com/carthrottle?lang=en
https://www.youtube.com/user/Ford/videos,https://twitter.com/Ford?ref_src=twsrc%5Egoogle%7Ctwcamp%5Eserp%7Ctwgr%5Eauthor
https://www.youtube.com/user/TheHoonigans/videos,https://twitter.com/TheHoonigans
https://www.youtube.com/user/saabkyle04/videos,https://twitter.com/Saabkyle04LLC
https://www.youtube.com/user/Shmee150/videos,https://twitter.com/Shmee150
https://www.youtube.com/user/VehicleVirgins/videos,https://twitter.com/vehicle_virgins?lang=en
https://www.youtube.com/channel/UCUHsXS2q7A7cTc8R6r31FRg,https://twitter.com/yiannimize
https://www.youtube.com/user/EricTheCarGuy/videos,https://twitter.com/EricTheCarGuy
https://www.youtube.com/channel/UCsqjHFMB_JYTaEnf_vmTNqg/videos,https://twitter.com/DougDeMuro
https://www.youtube.com/user/asalomondrin/videos,https://twitter.com/salomondrin?lang=en
https://www.youtube.com/user/ironmenfan1/videos,https://twitter.com/tjhunt_?lang=en
https://www.youtube.com/user/ThatDudeinBlue/videos,https://twitter.com/thatdudeinblue
https://www.youtube.com/user/TheSmokingTire/videos,https://twitter.com/TheSmokingTire
https://www.youtube.com/channel/UCeTagg7gemi1jhFKhY6gcNw/videos,
https://www.youtube.com/user/YouCarPress/videos,
https://www.youtube.com/user/TheStradman/videos,https://twitter.com/hashtag/thestradman?lang=en
https://www.youtube.com/user/supercarsoflondon/videos,https://twitter.com/SupercarsofLDN
https://www.youtube.com/user/Gumbal/videos,
https://www.youtube.com/user/CARandDRIVER/videos,https://twitter.com/CARandDRIVER
https://www.youtube.com/user/romanmicagearguy/videos,
https://www.youtube.com/channel/UCa9MHqAoA-8KeNm8pgShRaw/videos,https://twitter.com/streetspe3d717?lang=en
https://www.youtube.com/user/autocar/videos,https://twitter.com/autocar?ref_src=twsrc%5Egoogle%7Ctwcamp%5Eserp%7Ctwgr%5Eauthor
https://www.youtube.com/user/bhsupercars/videos,https://twitter.com/bhsupercars?lang=en
https://www.youtube.com/user/PetroliciousCo/videos,
https://www.youtube.com/user/EVOTV/videos,
https://www.youtube.com/channel/UCUhFaUpnq31m6TNX2VKVSVA/videos,https://twitter.com/carwowuk
https://www.youtube.com/user/Lamborghini/videos,https://twitter.com/Lamborghini
https://www.youtube.com/user/XCARFilms/videos,
https://www.youtube.com/user/CrazyWorld4721/videos,
https://www.youtube.com/user/Porsche/videos,https://twitter.com/Porsche
https://www.youtube.com/user/RegularCars/videos,https://twitter.com/regularcars
https://www.youtube.com/user/carbuyer/videos,https://twitter.com/CarbuyerUK
https://www.youtube.com/user/marchettino/videos,https://twitter.com/marchettinoyt?lang=en
https://www.youtube.com/user/AutoTopnl/videos,https://twitter.com/autotopnl?lang=en
https://www.youtube.com/user/Autoexpress/videos,https://twitter.com/AutoExpress
https://www.youtube.com/user/emerciv/videos,https://twitter.com/robdahm
https://www.youtube.com/user/ferrariworld/videos,https://twitter.com/FerrariWorldAD
https://www.youtube.com/user/windingroadmagazine/videos,https://twitter.com/windingroadmag?lang=en
https://www.youtube.com/user/AutoMotoTube/videos,https://twitter.com/automototube?lang=en
https://www.youtube.com/user/2theRedlineLLC/videos,
https://www.youtube.com/user/NM2255/videos,https://twitter.com/nm2255?lang=en
https://www.youtube.com/user/subaruwrxfan/videos,
https://www.youtube.com/user/seenthroughglass/videos,https://twitter.com/SeenThruGlass
https://www.youtube.com/channel/UCK_zuVq6ZpSRMjsZ5JRPx5g/videos,https://twitter.com/mrjww?lang=en
https://www.youtube.com/user/Honda/videos,https://twitter.com/Honda
https://www.youtube.com/channel/UC8LsMvKJ-l8a8nASFsuH4Ww/videos,https://twitter.com/boostedboiz?lang=en
https://www.youtube.com/user/AutoguideVideo/videos,
https://www.youtube.com/channel/UCNqf6cy5TLNeBV5cF3yKY8A/videos,https://twitter.com/taylordrifts?lang=en
https://www.youtube.com/channel/UCB6003YOIDVODeqML0DHLxg/videos,https://twitter.com/ricermiata12?lang=en
https://www.youtube.com/user/m5boarddotcom/videos,https://twitter.com/gtboard?lang=en
https://www.youtube.com/user/ToyotaUSA/videos,https://twitter.com/Toyota
https://www.youtube.com/channel/UC6CB09S7BDcmplfZ_1j02qA/videos,
https://www.youtube.com/user/autogefuehl/videos,https://twitter.com/autogefuehl?lang=en
https://www.youtube.com/user/DailyDrivenExotics/videos,https://twitter.com/ddedamon?lang=en
https://www.youtube.com/user/HotRodMagazine/videos,https://twitter.com/hotrodmagazine
https://www.youtube.com/user/Subaru/videos,https://twitter.com/subaru_usa
https://www.youtube.com/channel/UCbS8lAzGFBRyHYC8ibwcyyQ/videos,https://twitter.com/Jalopnik
https://www.youtube.com/user/hiend0225/videos,
https://www.youtube.com/user/Alaatin61/videos,https://twitter.com/alaatin61
https://www.youtube.com/user/MrPerlenPaula/videos,
https://www.youtube.com/user/BugattiSocial/videos,
https://www.youtube.com/user/TTACVideo/videos,
https://www.youtube.com/user/BMWUSA/videos,https://twitter.com/bmwusa?lang=en
https://www.youtube.com/user/SebDelanney/videos,https://twitter.com/seb_delanney?lang=en
https://www.youtube.com/user/MonkyLondon/videos,https://twitter.com/monkylondon?lang=en
https://www.youtube.com/channel/UCgftqli08scDMyWL5aVjwZg/videos,
https://www.youtube.com/user/autotraderuk/videos,https://twitter.com/AutoTrader_UK
https://www.youtube.com/user/BigKleib34/videos,https://twitter.com/bigkleib34?lang=en
https://www.youtube.com/user/everymandriver/videos,https://twitter.com/everymandriver?lang=en
https://www.youtube.com/channel/UC2CMXqVmLsmHU4bsaA8Eu0g/videos,https://twitter.com/archiehamiltonr?lang=en
https://www.youtube.com/channel/UCFfFgeKVVhjXtQSXRj3e-Iw/videos,
https://www.youtube.com/user/nismotv2013/videos,
https://www.youtube.com/channel/UCHAeqYA43JwC2MQ0BbEEmPw/videos,
https://www.youtube.com/user/GommeBlog/videos,https://twitter.com/gommeblog?lang=en
https://www.youtube.com/user/landrover/videos,https://twitter.com/LandRover
https://www.youtube.com/user/KoenigseggSweden/videos,
https://www.youtube.com/user/TestDrivenUK/videos,https://twitter.com/testdrivenuk?lang=en
https://www.youtube.com/user/autobytel/videos,https://twitter.com/Autobytel
https://www.youtube.com/user/Carscom/videos,https://twitter.com/carsdotcom
https://www.youtube.com/user/nickmurray22/videos,https://twitter.com/nickmurray22
https://www.youtube.com/user/MattMoreman/videos,https://twitter.com/obsessed_garage?lang=en
https://www.youtube.com/user/Trizzle126/videos,https://twitter.com/trizzle126
https://www.youtube.com/user/McLarenAutomotiveTV/videos,
https://www.youtube.com/user/AstonMartin/videos,https://twitter.com/astonmartin
https://www.youtube.com/channel/UCtAGzm9e_liY7ko1PBhzTHA/videos,
https://www.youtube.com/user/whatcar/videos,https://twitter.com/whatcar
https://www.youtube.com/user/savagegeese/videos,
https://www.youtube.com/user/OptionAuto/videos,https://twitter.com/optionauto?lang=en
https://www.youtube.com/user/hondaproJason/videos,https://twitter.com/hondaprojason
https://www.youtube.com/channel/UC4Llz_FxdMEU0iWO4aG_Xjg/videos,https://twitter.com/roadshow
https://www.youtube.com/user/Jamiebdub/videos,https://twitter.com/jamiedub
https://www.youtube.com/user/scottylsmith/videos,https://twitter.com/ScottyWardSmith
https://www.youtube.com/user/JaguarCarsLimited/videos,https://twitter.com/jaguar